CustomerID,Age,Gender,MembershipType,LastPurchaseAmount,AvgResponseTime,NumSupportTickets,Satisfaction
C0001,58,Female,Silver,1678,5.0,3,Satisfied
C0002,48,Male,Bronze,1376,3.7,3,Unsatisfied
C0003,34,Female,Silver,1458,4.0,3,Unsatisfied
C0004,27,Female,Silver,580,2.0,4,Satisfied
C0005,40,Female,Bronze,1544,4.7,1,Satisfied
C0006,58,Female,Bronze,866,2.9,1,Unsatisfied
C0007,38,Male,Gold,1010,3.8,8,Satisfied
C0008,42,Female,Bronze,1215,4.7,1,Satisfied
C0009,30,Male,Silver,467,4.9,5,Satisfied
C0010,30,Male,Silver,927,4.2,1,Satisfied
C0011,43,Male,Bronze,1884,1.9,4,Satisfied
C0012,55,Male,Bronze,842,4.8,3,Unsatisfied
C0013,59,Male,Bronze,1097,3.3,6,Unsatisfied
C0014,43,Male,Bronze,848,4.7,6,Satisfied
C0015,22,Male,Bronze,1293,3.5,5,Unsatisfied
C0016,41,Male,Gold,202,1.9,9,Satisfied
C0017,21,Male,Bronze,1688,2.2,4,Satisfied
C0018,43,Male,Silver,625,3.0,0,Satisfied
C0019,49,Female,Bronze,415,4.1,2,Unsatisfied
C0020,57,Female,Gold,1759,1.9,8,Satisfied
C0021,21,Female,Bronze,1787,3.1,0,Satisfied
C0022,40,Male,Bronze,952,2.1,4,Unsatisfied
C0023,52,Female,Gold,730,4.2,1,Unsatisfied
C0024,31,Female,Gold,102,2.6,3,Unsatisfied
C0025,41,Female,Bronze,439,0.8,0,Satisfied
C0026,44,Male,Gold,663,1.2,2,Satisfied
C0027,46,Male,Bronze,1467,0.8,9,Satisfied
C0028,47,Male,Bronze,1437,2.7,6,Satisfied
C0029,35,Male,Bronze,443,1.0,9,Unsatisfied
C0030,34,Female,Bronze,1145,1.0,2,Satisfied
C0031,22,Female,Silver,1962,4.7,3,Satisfied
C0032,56,Female,Bronze,384,4.4,1,Unsatisfied
C0033,26,Female,Bronze,1092,2.5,2,Satisfied
C0034,40,Male,Silver,1076,4.9,8,Satisfied
C0035,28,Male,Silver,216,0.5,2,Unsatisfied
C0036,58,Male,Bronze,789,3.3,4,Unsatisfied
C0037,37,Female,Silver,1329,3.3,1,Unsatisfied
C0038,23,Male,Bronze,1151,2.6,3,Satisfied
C0039,44,Male,Silver,541,2.3,6,Satisfied
C0040,33,Female,Silver,1255,2.5,6,Unsatisfied
C0041,28,Female,Gold,175,2.4,2,Satisfied
C0042,45,Male,Bronze,652,3.8,4,Satisfied
C0043,21,Male,Bronze,1189,1.1,0,Unsatisfied
C0044,39,Male,Bronze,1217,1.4,9,Satisfied
C0045,47,Male,Bronze,99,1.3,9,Unsatisfied
C0046,26,Male,Bronze,1127,1.7,9,Satisfied
C0047,27,Male,Gold,22,2.9,0,Satisfied
C0048,54,Female,Bronze,982,1.0,4,Satisfied
C0049,33,Female,Bronze,1867,4.4,9,Unsatisfied
C0050,36,Female,Silver,814,1.8,8,Satisfied
C0051,55,Male,Bronze,954,1.2,0,Satisfied
C0052,59,Female,Silver,751,3.5,0,Unsatisfied
C0053,23,Male,Bronze,1867,0.7,3,Unsatisfied
C0054,21,Male,Bronze,1837,3.3,3,Unsatisfied
C0055,25,Female,Bronze,1471,3.6,1,Satisfied
C0056,23,Male,Bronze,1571,1.5,8,Satisfied
C0057,48,Male,Gold,1620,0.7,8,Unsatisfied
C0058,37,Female,Bronze,885,2.1,1,Unsatisfied
C0059,45,Female,Silver,1969,0.9,8,Satisfied
C0060,53,Female,Bronze,1844,1.0,5,Satisfied
C0061,29,Male,Bronze,1183,1.6,7,Unsatisfied
C0062,55,Female,Gold,669,1.8,9,Satisfied
C0063,33,Female,Bronze,1041,2.9,3,Unsatisfied
C0064,50,Male,Silver,1062,3.6,1,Satisfied
C0065,34,Female,Gold,305,3.2,1,Satisfied
C0066,27,Female,Silver,995,1.2,8,Unsatisfied
C0067,33,Female,Gold,935,1.3,0,Satisfied
C0068,42,Male,Bronze,1754,4.5,6,Satisfied
C0069,59,Male,Bronze,649,3.0,2,Satisfied
C0070,40,Male,Bronze,349,4.4,2,Satisfied
C0071,35,Male,Silver,637,2.2,1,Unsatisfied
C0072,37,Female,Gold,448,3.3,9,Unsatisfied
C0073,43,Male,Bronze,1177,2.9,5,Unsatisfied
C0074,45,Male,Silver,951,1.9,9,Satisfied
C0075,44,Female,Bronze,839,2.6,1,Satisfied
C0076,48,Female,Silver,1780,2.8,9,Satisfied
C0077,34,Female,Bronze,528,1.4,3,Unsatisfied
C0078,20,Male,Gold,985,1.9,9,Unsatisfied
C0079,44,Male,Silver,1078,4.1,8,Unsatisfied
C0080,26,Male,Bronze,964,4.6,8,Satisfied
C0081,28,Female,Bronze,1272,2.1,5,Satisfied
C0082,43,Female,Bronze,961,1.9,3,Satisfied
C0083,20,Male,Bronze,953,1.4,6,Satisfied
C0084,27,Female,Bronze,164,3.6,0,Satisfied
C0085,43,Female,Gold,1214,2.0,3,Unsatisfied
C0086,30,Female,Silver,1248,4.9,4,Satisfied
C0087,36,Male,Silver,97,2.0,7,Satisfied
C0088,27,Female,Bronze,1289,2.3,1,Satisfied
C0089,54,Female,Gold,1544,3.2,4,Unsatisfied
C0090,54,Male,Silver,1106,4.1,5,Satisfied
C0091,52,Male,Bronze,940,2.6,4,Unsatisfied
C0092,24,Female,Silver,188,2.4,8,Unsatisfied
C0093,58,Female,Silver,221,5.0,9,Satisfied
C0094,47,Male,Bronze,1838,0.5,0,Unsatisfied
C0095,26,Male,Bronze,1267,4.5,2,Satisfied
C0096,28,Female,Bronze,474,1.2,1,Satisfied
C0097,27,Female,Bronze,1784,4.0,2,Unsatisfied
C0098,31,Female,Gold,1256,3.3,9,Unsatisfied
C0099,53,Female,Gold,640,2.0,8,Satisfied
C0100,52,Male,Silver,834,4.4,8,Satisfied
C0101,42,Female,Bronze,1297,0.6,9,Satisfied
C0102,43,Female,Bronze,1240,1.5,1,Satisfied
C0103,56,Male,Silver,616,3.1,2,Satisfied
C0104,54,Female,Silver,894,2.1,3,Satisfied
C0105,59,Male,Bronze,1767,3.2,8,Satisfied
C0106,41,Female,Silver,375,0.6,2,Unsatisfied
C0107,46,Female,Gold,285,1.0,6,Satisfied
C0108,54,Male,Bronze,389,1.1,2,Satisfied
C0109,20,Male,Bronze,1776,1.4,6,Satisfied
C0110,54,Female,Silver,1342,2.6,6,Unsatisfied
C0111,56,Female,Bronze,1664,3.9,8,Satisfied
C0112,33,Female,Bronze,1301,4.6,1,Satisfied
C0113,22,Male,Bronze,954,4.3,5,Satisfied
C0114,20,Female,Bronze,1818,1.4,8,Unsatisfied
C0115,24,Male,Silver,1097,2.5,1,Satisfied
C0116,45,Male,Silver,819,1.4,1,Unsatisfied
C0117,33,Female,Bronze,1383,1.7,4,Unsatisfied
C0118,58,Male,Gold,934,2.8,9,Unsatisfied
C0119,46,Female,Gold,1948,0.8,9,Unsatisfied
C0120,28,Female,Gold,503,1.5,9,Satisfied
C0121,34,Female,Bronze,1556,4.7,7,Satisfied
C0122,34,Female,Bronze,1131,2.6,8,Unsatisfied
C0123,45,Female,Gold,1979,2.5,1,Satisfied
C0124,32,Male,Silver,1104,0.6,4,Satisfied
C0125,51,Male,Bronze,373,1.6,6,Unsatisfied
C0126,58,Female,Bronze,579,4.4,5,Satisfied
C0127,51,Female,Bronze,1835,1.2,5,Satisfied
C0128,23,Male,Gold,772,2.4,6,Satisfied
C0129,49,Male,Silver,285,0.6,2,Satisfied
C0130,56,Male,Bronze,59,2.7,2,Unsatisfied
C0131,42,Male,Bronze,1391,0.6,9,Satisfied
C0132,58,Female,Silver,737,4.2,8,Satisfied
C0133,34,Female,Gold,915,4.2,7,Satisfied
C0134,48,Male,Bronze,937,4.0,4,Unsatisfied
C0135,55,Female,Silver,573,1.8,5,Unsatisfied
C0136,32,Male,Gold,792,4.3,9,Satisfied
C0137,51,Female,Bronze,494,2.9,0,Unsatisfied
C0138,26,Male,Silver,1117,2.2,9,Satisfied
C0139,41,Female,Bronze,1932,3.3,0,Unsatisfied
C0140,47,Male,Silver,1838,0.6,3,Satisfied
C0141,21,Male,Silver,1671,1.1,1,Unsatisfied
C0142,25,Female,Silver,1841,3.8,6,Satisfied
C0143,47,Male,Silver,593,1.6,1,Satisfied
C0144,47,Female,Bronze,1329,3.2,9,Satisfied
C0145,39,Female,Gold,245,2.2,1,Unsatisfied
C0146,49,Male,Silver,65,4.3,4,Satisfied
C0147,30,Female,Bronze,1952,4.8,3,Unsatisfied
C0148,47,Female,Silver,369,4.5,7,Satisfied
C0149,44,Female,Silver,1940,1.7,3,Satisfied
C0150,58,Female,Bronze,119,1.4,5,Satisfied
C0151,52,Female,Gold,201,2.6,4,Unsatisfied
C0152,20,Male,Gold,913,0.5,1,Satisfied
C0153,46,Female,Bronze,1126,0.6,7,Unsatisfied
C0154,32,Female,Gold,871,3.0,1,Unsatisfied
C0155,22,Female,Bronze,577,2.8,8,Unsatisfied
C0156,58,Female,Bronze,1093,5.0,8,Satisfied
C0157,25,Female,Bronze,659,1.4,2,Unsatisfied
C0158,27,Male,Gold,48,1.7,3,Unsatisfied
C0159,46,Female,Silver,1573,1.0,7,Satisfied
C0160,28,Male,Bronze,1082,4.6,8,Unsatisfied
C0161,56,Male,Bronze,1453,4.0,2,Satisfied
C0162,52,Male,Silver,646,4.2,4,Satisfied
C0163,43,Male,Bronze,1046,4.6,7,Satisfied
C0164,34,Female,Gold,45,2.9,2,Satisfied
C0165,51,Male,Gold,110,2.5,6,Satisfied
C0166,51,Male,Silver,1827,2.0,7,Satisfied
C0167,43,Female,Gold,1119,3.2,9,Unsatisfied
C0168,31,Female,Bronze,1549,2.5,2,Satisfied
C0169,58,Female,Gold,1256,2.5,1,Satisfied
C0170,21,Male,Silver,1371,4.7,9,Satisfied
C0171,22,Female,Silver,1993,4.9,6,Satisfied
C0172,56,Female,Bronze,175,4.1,8,Unsatisfied
C0173,36,Male,Gold,392,3.9,0,Satisfied
C0174,21,Female,Bronze,1889,3.6,2,Unsatisfied
C0175,21,Female,Bronze,1928,1.2,4,Satisfied
C0176,47,Female,Bronze,1409,0.8,2,Unsatisfied
C0177,42,Female,Silver,1504,3.6,0,Satisfied
C0178,56,Male,Silver,799,3.8,6,Satisfied
C0179,51,Female,Silver,1675,0.7,6,Unsatisfied
C0180,52,Female,Gold,40,4.7,9,Satisfied
C0181,20,Male,Bronze,1408,0.9,7,Unsatisfied
C0182,38,Female,Silver,20,1.8,4,Unsatisfied
C0183,21,Male,Bronze,1335,3.5,9,Satisfied
C0184,45,Female,Gold,105,1.3,4,Satisfied
C0185,51,Male,Gold,1223,0.7,4,Satisfied
C0186,25,Male,Silver,462,2.0,0,Unsatisfied
C0187,51,Male,Silver,201,3.9,9,Unsatisfied
C0188,23,Male,Bronze,495,2.4,4,Satisfied
C0189,30,Female,Bronze,1299,3.4,5,Satisfied
C0190,36,Male,Gold,1457,3.1,0,Satisfied
C0191,57,Female,Bronze,1161,0.6,6,Unsatisfied
C0192,43,Male,Bronze,247,4.9,0,Satisfied
C0193,24,Male,Bronze,1953,0.7,1,Satisfied
C0194,53,Male,Gold,1388,4.9,1,Unsatisfied
C0195,25,Female,Bronze,1973,3.0,4,Satisfied
C0196,41,Male,Bronze,1145,4.8,9,Satisfied
C0197,30,Female,Silver,1861,1.0,6,Unsatisfied
C0198,35,Female,Gold,1479,2.7,0,Unsatisfied
C0199,52,Female,Bronze,1376,1.3,9,Satisfied
C0200,28,Female,Bronze,1178,0.7,0,Satisfied
C0201,25,Female,Bronze,1098,3.3,0,Satisfied
C0202,35,Female,Bronze,1280,1.4,5,Satisfied
C0203,48,Female,Bronze,744,3.1,1,Unsatisfied
C0204,22,Female,Silver,1000,1.0,0,Satisfied
C0205,39,Female,Silver,1523,2.0,5,Unsatisfied
C0206,55,Male,Silver,834,4.0,1,Unsatisfied
C0207,38,Male,Bronze,1472,2.5,5,Satisfied
C0208,45,Male,Gold,115,3.3,9,Satisfied
C0209,22,Male,Bronze,190,3.4,7,Satisfied
C0210,38,Male,Gold,193,4.3,1,Unsatisfied
C0211,39,Female,Silver,235,2.0,8,Unsatisfied
C0212,51,Female,Bronze,786,3.6,7,Satisfied
C0213,26,Female,Silver,799,4.8,9,Unsatisfied
C0214,52,Female,Bronze,1942,3.8,0,Satisfied
C0215,59,Female,Silver,1122,2.7,6,Unsatisfied
C0216,58,Female,Bronze,697,3.3,9,Satisfied
C0217,37,Female,Bronze,539,3.8,5,Satisfied
C0218,59,Male,Gold,1404,3.3,5,Unsatisfied
C0219,20,Male,Bronze,981,0.6,5,Satisfied
C0220,30,Male,Gold,945,1.4,5,Satisfied
C0221,47,Male,Bronze,1946,4.1,9,Satisfied
C0222,44,Female,Silver,1432,1.7,6,Satisfied
C0223,42,Female,Silver,115,3.8,2,Satisfied
C0224,50,Female,Silver,1304,2.2,5,Unsatisfied
C0225,49,Male,Bronze,840,2.8,2,Satisfied
C0226,54,Female,Bronze,1536,0.8,6,Satisfied
C0227,26,Female,Bronze,688,1.3,6,Unsatisfied
C0228,35,Female,Bronze,1558,4.8,7,Satisfied
C0229,45,Male,Silver,858,4.5,1,Satisfied
C0230,21,Female,Gold,1065,3.4,8,Unsatisfied
C0231,20,Male,Gold,402,2.6,4,Unsatisfied
C0232,31,Male,Silver,49,3.5,8,Unsatisfied
C0233,24,Male,Silver,669,3.3,9,Unsatisfied
C0234,56,Male,Silver,1251,3.1,4,Satisfied
C0235,51,Female,Bronze,1764,0.8,6,Unsatisfied
C0236,28,Male,Gold,990,3.3,8,Satisfied
C0237,54,Male,Silver,1115,4.0,3,Unsatisfied
C0238,38,Female,Silver,854,5.0,1,Satisfied
C0239,35,Female,Bronze,1753,0.5,8,Unsatisfied
C0240,22,Male,Bronze,210,3.8,1,Unsatisfied
C0241,39,Female,Bronze,456,3.1,2,Unsatisfied
C0242,43,Male,Gold,1877,2.5,9,Satisfied
C0243,52,Male,Silver,1461,1.1,1,Satisfied
C0244,43,Male,Bronze,1071,2.3,2,Unsatisfied
C0245,30,Male,Gold,1244,2.1,5,Unsatisfied
C0246,27,Female,Bronze,453,1.9,2,Satisfied
C0247,55,Male,Bronze,1360,3.8,9,Unsatisfied
C0248,57,Female,Bronze,770,3.7,7,Unsatisfied
C0249,59,Female,Silver,236,3.2,5,Satisfied
C0250,39,Female,Gold,57,4.7,6,Unsatisfied
C0251,54,Female,Bronze,1051,2.1,0,Satisfied
C0252,44,Male,Gold,921,1.6,2,Satisfied
C0253,54,Female,Bronze,1472,3.5,2,Satisfied
C0254,44,Male,Gold,1840,1.4,1,Satisfied
C0255,48,Female,Silver,1741,1.9,6,Unsatisfied
C0256,37,Female,Gold,196,1.5,8,Satisfied
C0257,37,Male,Bronze,354,0.8,3,Unsatisfied
C0258,21,Male,Gold,233,4.2,4,Unsatisfied
C0259,54,Male,Silver,839,1.6,2,Unsatisfied
C0260,35,Female,Bronze,497,2.6,8,Satisfied
C0261,55,Female,Gold,1942,0.7,3,Unsatisfied
C0262,52,Male,Bronze,886,3.6,4,Satisfied
C0263,23,Male,Gold,858,2.0,0,Satisfied
C0264,52,Male,Bronze,1262,3.9,1,Satisfied
C0265,33,Male,Silver,1423,2.4,8,Satisfied
C0266,40,Female,Silver,988,1.4,1,Unsatisfied
C0267,39,Male,Bronze,1622,2.8,4,Satisfied
C0268,27,Male,Bronze,1026,1.1,7,Unsatisfied
C0269,26,Male,Bronze,197,2.5,2,Satisfied
C0270,22,Male,Bronze,1891,1.9,5,Satisfied
C0271,36,Female,Bronze,279,4.6,3,Unsatisfied
C0272,52,Male,Silver,1640,0.8,6,Unsatisfied
C0273,31,Female,Bronze,319,3.6,9,Satisfied
C0274,41,Male,Bronze,1165,1.3,2,Satisfied
C0275,41,Male,Silver,1584,1.9,5,Satisfied
C0276,49,Female,Bronze,1105,2.4,9,Satisfied
C0277,57,Male,Gold,1826,4.6,8,Unsatisfied
C0278,57,Female,Gold,854,1.6,9,Unsatisfied
C0279,27,Female,Silver,1705,0.9,0,Satisfied
C0280,46,Male,Silver,1220,1.9,2,Unsatisfied
C0281,46,Female,Gold,495,1.0,1,Satisfied
C0282,53,Female,Bronze,1224,1.1,7,Satisfied
C0283,40,Female,Bronze,1455,3.1,6,Satisfied
C0284,49,Female,Bronze,129,0.8,1,Unsatisfied
C0285,52,Female,Silver,229,0.6,5,Satisfied
C0286,47,Female,Bronze,62,3.7,2,Satisfied
C0287,52,Female,Silver,1767,2.1,7,Satisfied
C0288,24,Female,Gold,1484,1.1,9,Satisfied
C0289,38,Male,Gold,1445,1.6,2,Unsatisfied
C0290,23,Male,Silver,1676,3.4,9,Satisfied
C0291,54,Female,Bronze,1270,1.7,8,Satisfied
C0292,36,Male,Gold,767,2.7,0,Unsatisfied
C0293,47,Female,Silver,747,1.0,4,Unsatisfied
C0294,49,Female,Bronze,729,3.1,2,Unsatisfied
C0295,48,Male,Bronze,415,1.9,5,Satisfied
C0296,25,Female,Gold,617,3.3,9,Satisfied
C0297,54,Female,Silver,1030,4.1,1,Satisfied
C0298,56,Female,Gold,431,3.3,8,Satisfied
C0299,43,Female,Gold,721,1.8,5,Unsatisfied
C0300,48,Male,Silver,256,1.7,6,Satisfied
C0301,50,Female,Silver,81,2.0,4,Satisfied
C0302,54,Female,Bronze,1863,1.2,8,Satisfied
C0303,52,Female,Bronze,194,1.3,0,Satisfied
C0304,40,Male,Bronze,15,4.1,4,Unsatisfied
C0305,51,Female,Silver,1239,2.2,9,Satisfied
C0306,42,Male,Silver,1577,2.5,5,Satisfied
C0307,52,Male,Gold,1644,3.2,6,Satisfied
C0308,22,Female,Bronze,915,3.2,3,Satisfied
C0309,37,Female,Silver,396,0.8,0,Satisfied
C0310,44,Male,Silver,1801,4.2,7,Unsatisfied
C0311,50,Female,Silver,708,1.3,9,Satisfied
C0312,22,Male,Silver,1109,3.8,3,Unsatisfied
C0313,59,Male,Bronze,1210,4.0,2,Unsatisfied
C0314,43,Female,Silver,836,3.7,6,Unsatisfied
C0315,51,Female,Bronze,1832,3.1,1,Unsatisfied
C0316,41,Male,Bronze,358,0.6,7,Satisfied
C0317,42,Male,Bronze,1288,2.1,5,Satisfied
C0318,21,Male,Silver,1870,3.2,6,Satisfied
C0319,46,Male,Gold,1735,2.2,4,Unsatisfied
C0320,21,Female,Silver,317,4.4,8,Unsatisfied
C0321,45,Female,Silver,1378,1.9,4,Unsatisfied
C0322,36,Female,Silver,1160,1.8,4,Satisfied
C0323,59,Female,Silver,1970,1.7,2,Unsatisfied
C0324,52,Female,Bronze,296,2.0,0,Satisfied
C0325,28,Male,Bronze,775,3.0,1,Satisfied
C0326,58,Female,Bronze,734,3.7,7,Satisfied
C0327,48,Female,Bronze,771,3.5,0,Satisfied
C0328,45,Female,Bronze,1629,4.1,6,Satisfied
C0329,54,Female,Bronze,1520,4.5,4,Satisfied
C0330,44,Female,Bronze,392,4.2,2,Satisfied
C0331,43,Male,Gold,1439,0.6,6,Unsatisfied
C0332,32,Male,Bronze,397,3.8,8,Unsatisfied
C0333,26,Male,Bronze,534,1.4,1,Unsatisfied
C0334,55,Female,Bronze,1590,1.1,7,Satisfied
C0335,39,Male,Silver,648,3.4,8,Unsatisfied
C0336,20,Male,Bronze,947,1.9,2,Unsatisfied
C0337,27,Female,Bronze,1659,0.8,1,Satisfied
C0338,35,Female,Silver,1978,1.1,6,Satisfied
C0339,33,Female,Bronze,285,0.5,4,Satisfied
C0340,31,Male,Bronze,509,4.6,4,Satisfied
C0341,42,Male,Bronze,726,0.6,9,Unsatisfied
C0342,34,Female,Bronze,346,1.4,4,Unsatisfied
C0343,47,Female,Bronze,1983,2.4,3,Satisfied
C0344,53,Male,Bronze,941,2.1,4,Unsatisfied
C0345,21,Male,Gold,490,4.6,3,Unsatisfied
C0346,51,Female,Silver,1930,0.7,5,Unsatisfied
C0347,42,Female,Silver,920,2.8,3,Satisfied
C0348,41,Male,Bronze,1306,3.6,1,Unsatisfied
C0349,44,Female,Gold,1953,4.7,8,Satisfied
C0350,41,Male,Bronze,1091,3.3,1,Satisfied
C0351,41,Male,Bronze,1361,4.1,8,Satisfied
C0352,25,Male,Silver,1764,0.9,9,Satisfied
C0353,34,Male,Bronze,118,2.2,5,Unsatisfied
C0354,56,Female,Bronze,1312,2.2,8,Satisfied
C0355,52,Female,Silver,1719,4.5,8,Satisfied
C0356,27,Male,Gold,337,1.2,2,Satisfied
C0357,24,Male,Bronze,1809,1.2,0,Unsatisfied
C0358,58,Male,Silver,324,2.0,0,Satisfied
C0359,23,Male,Gold,1507,0.7,2,Unsatisfied
C0360,25,Male,Bronze,1144,1.3,4,Satisfied
C0361,51,Female,Bronze,708,4.8,2,Satisfied
C0362,49,Female,Bronze,790,2.4,8,Satisfied
C0363,54,Female,Bronze,1968,3.3,8,Satisfied
C0364,59,Female,Bronze,1262,3.8,2,Satisfied
C0365,35,Male,Gold,1530,2.2,2,Satisfied
C0366,32,Male,Silver,165,1.2,4,Unsatisfied
C0367,49,Male,Silver,1506,1.4,1,Unsatisfied
C0368,38,Male,Bronze,1734,1.9,5,Satisfied
C0369,36,Male,Gold,1305,3.4,6,Satisfied
C0370,38,Female,Gold,896,2.3,8,Unsatisfied
C0371,47,Male,Gold,1035,0.5,5,Satisfied
C0372,45,Female,Bronze,767,2.9,2,Satisfied
C0373,56,Female,Silver,731,4.6,4,Unsatisfied
C0374,45,Female,Bronze,1544,4.2,3,Unsatisfied
C0375,42,Female,Bronze,922,4.2,4,Satisfied
C0376,28,Male,Bronze,1319,4.1,7,Satisfied
C0377,31,Female,Silver,880,2.0,7,Satisfied
C0378,20,Female,Silver,22,3.9,5,Unsatisfied
C0379,20,Female,Bronze,617,1.1,0,Satisfied
C0380,53,Male,Bronze,507,3.5,7,Satisfied
C0381,51,Male,Bronze,1766,3.4,7,Satisfied
C0382,44,Male,Bronze,247,0.6,1,Satisfied
C0383,59,Female,Bronze,1127,4.0,3,Unsatisfied
C0384,20,Female,Bronze,1371,4.6,1,Unsatisfied
C0385,35,Male,Silver,790,1.7,3,Unsatisfied
C0386,58,Female,Bronze,1204,4.2,9,Satisfied
C0387,24,Male,Bronze,615,0.9,6,Satisfied
C0388,41,Male,Bronze,670,3.2,8,Satisfied
C0389,48,Female,Gold,1657,2.7,7,Satisfied
C0390,22,Female,Silver,1600,3.0,8,Unsatisfied
C0391,31,Female,Silver,858,4.7,7,Satisfied
C0392,45,Female,Bronze,945,4.4,1,Satisfied
C0393,35,Male,Silver,1500,4.0,6,Satisfied
C0394,56,Male,Bronze,637,1.7,1,Unsatisfied
C0395,41,Male,Silver,152,4.6,1,Satisfied
C0396,48,Male,Gold,1234,0.9,3,Satisfied
C0397,33,Male,Silver,1213,4.3,0,Satisfied
C0398,47,Female,Gold,723,2.0,4,Unsatisfied
C0399,24,Male,Silver,1397,0.7,5,Satisfied
C0400,49,Male,Bronze,488,3.5,8,Unsatisfied
C0401,24,Male,Gold,574,1.5,9,Unsatisfied
C0402,31,Female,Bronze,480,1.6,7,Satisfied
C0403,35,Female,Silver,393,1.9,1,Unsatisfied
C0404,45,Female,Bronze,1725,0.8,0,Satisfied
C0405,45,Female,Bronze,935,1.3,1,Unsatisfied
C0406,40,Male,Bronze,426,0.5,6,Satisfied
C0407,58,Male,Bronze,1858,2.5,3,Satisfied
C0408,55,Female,Bronze,317,0.9,9,Satisfied
C0409,52,Female,Silver,658,3.6,4,Satisfied
C0410,49,Male,Bronze,1727,1.6,6,Unsatisfied
C0411,56,Male,Bronze,1400,4.7,2,Satisfied
C0412,42,Female,Silver,1034,4.4,9,Unsatisfied
C0413,29,Female,Bronze,1077,1.8,1,Satisfied
C0414,24,Female,Silver,748,4.0,6,Unsatisfied
C0415,55,Female,Silver,1876,4.1,4,Satisfied
C0416,53,Male,Gold,1131,4.9,0,Satisfied
C0417,50,Male,Silver,1753,3.2,0,Satisfied
C0418,29,Male,Bronze,1298,0.9,8,Unsatisfied
C0419,38,Female,Silver,1833,3.4,4,Satisfied
C0420,51,Female,Bronze,1816,3.3,0,Satisfied
C0421,20,Male,Bronze,149,3.4,6,Satisfied
C0422,24,Male,Silver,1514,1.9,8,Unsatisfied
C0423,23,Male,Bronze,1270,4.4,0,Satisfied
C0424,35,Male,Silver,983,4.8,9,Satisfied
C0425,43,Female,Gold,1026,1.5,3,Satisfied
C0426,35,Male,Gold,962,0.9,2,Unsatisfied
C0427,21,Male,Gold,913,1.4,4,Unsatisfied
C0428,47,Male,Bronze,81,4.2,6,Satisfied
C0429,51,Male,Bronze,1700,3.5,7,Satisfied
C0430,46,Male,Silver,1223,3.4,1,Satisfied
C0431,39,Male,Bronze,1301,2.3,6,Satisfied
C0432,43,Male,Silver,1354,3.1,0,Satisfied
C0433,31,Female,Silver,116,1.9,6,Unsatisfied
C0434,54,Female,Silver,1265,2.6,7,Satisfied
C0435,52,Female,Bronze,1075,4.1,1,Unsatisfied
C0436,52,Female,Bronze,1735,4.9,8,Satisfied
C0437,56,Male,Bronze,892,4.7,0,Unsatisfied
C0438,31,Female,Bronze,148,4.7,5,Satisfied
C0439,22,Female,Gold,624,2.3,0,Satisfied
C0440,20,Male,Bronze,1716,2.6,2,Satisfied
C0441,52,Male,Bronze,872,3.7,5,Satisfied
C0442,59,Female,Bronze,282,4.6,2,Satisfied
C0443,29,Female,Silver,1514,1.1,7,Unsatisfied
C0444,48,Male,Silver,425,1.9,4,Unsatisfied
C0445,32,Female,Bronze,515,1.1,1,Satisfied
C0446,31,Male,Bronze,742,3.3,3,Satisfied
C0447,50,Male,Bronze,1758,1.9,8,Satisfied
C0448,21,Male,Bronze,1886,2.0,3,Satisfied
C0449,54,Male,Silver,433,0.8,9,Satisfied
C0450,42,Female,Silver,1440,2.1,9,Unsatisfied
C0451,36,Male,Bronze,1601,4.4,7,Unsatisfied
C0452,45,Male,Bronze,399,1.5,4,Unsatisfied
C0453,27,Female,Gold,351,3.6,9,Satisfied
C0454,48,Male,Bronze,955,3.3,0,Unsatisfied
C0455,45,Female,Silver,623,4.4,6,Unsatisfied
C0456,29,Female,Bronze,1966,1.1,2,Satisfied
C0457,45,Female,Bronze,502,4.9,9,Satisfied
C0458,53,Male,Bronze,201,3.1,7,Unsatisfied
C0459,26,Female,Silver,508,5.0,2,Satisfied
C0460,23,Female,Gold,831,4.6,0,Satisfied
C0461,30,Male,Bronze,1745,1.5,4,Satisfied
C0462,48,Female,Bronze,1266,0.8,1,Satisfied
C0463,55,Female,Bronze,1978,1.7,3,Satisfied
C0464,44,Female,Bronze,236,2.9,0,Unsatisfied
C0465,40,Female,Bronze,1404,1.3,8,Unsatisfied
C0466,55,Female,Bronze,148,1.3,5,Unsatisfied
C0467,29,Male,Silver,865,2.6,7,Satisfied
C0468,56,Female,Bronze,826,0.6,3,Unsatisfied
C0469,28,Female,Bronze,1182,1.0,8,Satisfied
C0470,43,Male,Gold,1148,2.4,1,Satisfied
C0471,54,Male,Bronze,1483,0.8,8,Satisfied
C0472,54,Male,Gold,1096,2.3,4,Satisfied
C0473,55,Female,Bronze,113,2.6,5,Satisfied
C0474,37,Male,Gold,1884,2.5,2,Satisfied
C0475,58,Female,Silver,880,4.4,3,Satisfied
C0476,51,Female,Gold,677,2.9,5,Satisfied
C0477,43,Male,Gold,282,2.6,6,Unsatisfied
C0478,42,Male,Bronze,1039,2.3,0,Satisfied
C0479,51,Female,Gold,1180,4.2,6,Unsatisfied
C0480,56,Male,Bronze,193,4.5,0,Satisfied
C0481,31,Female,Bronze,1061,4.3,4,Satisfied
C0482,32,Male,Bronze,1995,3.5,5,Unsatisfied
C0483,42,Male,Silver,1583,1.1,1,Satisfied
C0484,44,Male,Bronze,1152,1.7,9,Satisfied
C0485,54,Female,Silver,302,0.7,8,Unsatisfied
C0486,49,Male,Silver,1404,4.7,9,Satisfied
C0487,36,Female,Silver,1277,3.5,5,Unsatisfied
C0488,39,Female,Gold,1613,3.9,6,Satisfied
C0489,44,Female,Bronze,1759,1.9,9,Satisfied
C0490,41,Female,Bronze,1251,4.3,7,Satisfied
C0491,32,Male,Bronze,186,1.7,9,Satisfied
C0492,38,Female,Bronze,1332,0.5,0,Unsatisfied
C0493,55,Female,Bronze,1709,2.2,7,Unsatisfied
C0494,31,Male,Bronze,67,3.1,3,Satisfied
C0495,38,Female,Bronze,1302,2.7,9,Satisfied
C0496,31,Male,Gold,317,4.4,7,Unsatisfied
C0497,28,Female,Silver,1603,1.0,5,Satisfied
C0498,26,Male,Bronze,1321,3.0,8,Satisfied
C0499,47,Female,Silver,986,2.8,3,Satisfied
C0500,33,Male,Bronze,1138,1.8,1,Satisfied
C0501,50,Female,Bronze,1261,4.2,1,Unsatisfied
C0502,38,Female,Silver,1280,3.9,4,Unsatisfied
C0503,35,Male,Bronze,709,3.8,9,Satisfied
C0504,24,Male,Bronze,1527,4.4,8,Satisfied
C0505,54,Male,Gold,92,3.8,2,Satisfied
C0506,31,Male,Gold,1219,1.5,7,Satisfied
C0507,44,Female,Silver,261,3.7,3,Satisfied
C0508,40,Female,Silver,1388,1.9,5,Unsatisfied
C0509,55,Male,Silver,1783,1.6,9,Satisfied
C0510,42,Female,Bronze,1905,0.8,5,Satisfied
C0511,35,Male,Bronze,1729,3.8,2,Satisfied
C0512,58,Male,Bronze,805,3.7,4,Satisfied
C0513,58,Female,Bronze,906,1.6,2,Satisfied
C0514,33,Female,Silver,1971,3.9,0,Unsatisfied
C0515,50,Female,Bronze,219,4.6,6,Satisfied
C0516,24,Female,Gold,825,1.0,3,Unsatisfied
C0517,54,Female,Gold,1841,1.5,6,Satisfied
C0518,42,Female,Silver,618,3.9,2,Satisfied
C0519,48,Female,Silver,456,1.7,4,Satisfied
C0520,30,Male,Gold,469,3.3,4,Satisfied
C0521,37,Male,Bronze,977,0.9,1,Satisfied
C0522,31,Male,Silver,481,2.5,9,Satisfied
C0523,28,Male,Bronze,1753,3.8,1,Unsatisfied
C0524,29,Male,Silver,379,3.6,3,Unsatisfied
C0525,36,Female,Bronze,909,4.2,3,Satisfied
C0526,57,Male,Gold,1967,4.4,3,Satisfied
C0527,26,Male,Gold,1525,4.0,5,Satisfied
C0528,32,Male,Bronze,932,3.5,1,Satisfied
C0529,59,Male,Bronze,146,0.6,5,Satisfied
C0530,28,Male,Gold,376,2.9,6,Unsatisfied
C0531,46,Male,Bronze,921,0.7,9,Satisfied
C0532,21,Male,Gold,193,4.1,2,Satisfied
C0533,24,Female,Silver,1621,1.9,7,Satisfied
C0534,48,Female,Bronze,1320,3.0,1,Satisfied
C0535,56,Male,Bronze,481,1.8,7,Unsatisfied
C0536,57,Female,Bronze,1408,4.0,4,Satisfied
C0537,38,Female,Silver,663,4.5,1,Satisfied
C0538,27,Female,Bronze,758,2.3,6,Unsatisfied
C0539,20,Female,Silver,546,4.4,1,Satisfied
C0540,41,Male,Bronze,1544,1.7,5,Unsatisfied
C0541,36,Female,Silver,811,2.9,9,Satisfied
C0542,26,Female,Gold,1612,4.4,2,Satisfied
C0543,44,Female,Gold,1283,2.0,8,Unsatisfied
C0544,23,Male,Bronze,929,4.8,2,Satisfied
C0545,55,Male,Gold,519,1.0,2,Satisfied
C0546,25,Male,Silver,639,0.6,4,Satisfied
C0547,50,Male,Silver,1011,4.6,6,Satisfied
C0548,38,Male,Gold,1106,0.8,7,Unsatisfied
C0549,58,Male,Bronze,1315,5.0,6,Unsatisfied
C0550,46,Male,Bronze,925,4.8,8,Unsatisfied
C0551,29,Female,Gold,1993,1.1,4,Unsatisfied
C0552,45,Female,Bronze,1393,2.9,9,Satisfied
C0553,38,Female,Gold,1043,1.3,2,Satisfied
C0554,58,Male,Gold,1244,2.4,5,Satisfied
C0555,22,Male,Bronze,1868,0.8,4,Satisfied
C0556,32,Male,Gold,161,1.5,3,Satisfied
C0557,47,Male,Bronze,1038,2.1,1,Unsatisfied
C0558,39,Male,Silver,1228,2.5,6,Satisfied
C0559,47,Female,Silver,1987,4.9,4,Satisfied
C0560,27,Female,Gold,1316,4.1,3,Satisfied
C0561,58,Male,Bronze,473,3.8,7,Unsatisfied
C0562,20,Male,Bronze,1146,2.9,8,Unsatisfied
C0563,22,Male,Silver,280,4.3,8,Unsatisfied
C0564,32,Male,Silver,1196,2.0,2,Satisfied
C0565,47,Female,Silver,469,3.7,2,Unsatisfied
C0566,44,Male,Bronze,114,5.0,4,Satisfied
C0567,52,Male,Bronze,1726,1.9,4,Unsatisfied
C0568,57,Male,Bronze,1589,3.5,9,Satisfied
C0569,25,Male,Gold,1315,4.3,1,Satisfied
C0570,51,Female,Bronze,1720,4.6,0,Satisfied
C0571,40,Male,Bronze,171,3.7,7,Unsatisfied
C0572,35,Male,Gold,360,1.8,2,Satisfied
C0573,40,Female,Bronze,443,2.0,0,Unsatisfied
C0574,30,Female,Gold,861,0.6,0,Satisfied
C0575,56,Female,Silver,149,3.9,1,Satisfied
C0576,55,Male,Gold,1504,0.7,5,Satisfied
C0577,54,Male,Bronze,1165,4.4,5,Satisfied
C0578,38,Female,Bronze,96,1.0,2,Satisfied
C0579,39,Female,Silver,1721,1.3,3,Satisfied
C0580,37,Female,Gold,192,2.6,1,Unsatisfied
C0581,33,Female,Silver,377,3.8,1,Satisfied
C0582,34,Female,Bronze,138,1.1,6,Unsatisfied
C0583,50,Female,Silver,1279,2.5,0,Satisfied
C0584,20,Male,Silver,1634,2.7,6,Unsatisfied
C0585,22,Male,Silver,1611,1.5,0,Satisfied
C0586,35,Male,Silver,679,1.0,5,Satisfied
C0587,42,Female,Gold,1932,4.3,2,Satisfied
C0588,30,Female,Silver,1411,2.8,7,Satisfied
C0589,31,Female,Bronze,158,0.6,5,Unsatisfied
C0590,29,Female,Bronze,994,4.1,1,Satisfied
C0591,51,Female,Bronze,861,4.9,7,Satisfied
C0592,35,Female,Bronze,1466,3.2,4,Unsatisfied
C0593,27,Male,Bronze,637,2.8,7,Satisfied
C0594,57,Male,Bronze,1759,4.5,7,Unsatisfied
C0595,31,Female,Bronze,1502,4.8,5,Satisfied
C0596,43,Male,Bronze,455,3.9,1,Unsatisfied
C0597,47,Female,Gold,1514,2.5,7,Satisfied
C0598,27,Male,Gold,893,3.2,5,Satisfied
C0599,47,Female,Bronze,303,3.7,5,Satisfied
C0600,55,Female,Gold,1798,1.4,7,Unsatisfied
C0601,45,Male,Silver,1176,2.5,0,Satisfied
C0602,27,Male,Bronze,259,4.2,1,Satisfied
C0603,47,Female,Bronze,887,3.4,8,Unsatisfied
C0604,47,Female,Silver,957,2.4,7,Unsatisfied
C0605,56,Male,Silver,984,3.5,6,Unsatisfied
C0606,55,Male,Silver,1335,1.0,6,Unsatisfied
C0607,46,Female,Bronze,1058,2.3,4,Satisfied
C0608,36,Male,Bronze,798,4.1,1,Satisfied
C0609,28,Female,Bronze,993,1.5,5,Unsatisfied
C0610,52,Female,Bronze,898,1.3,9,Unsatisfied
C0611,39,Female,Bronze,899,4.8,2,Satisfied
C0612,32,Female,Bronze,1934,1.4,3,Satisfied
C0613,47,Male,Gold,79,1.7,9,Unsatisfied
C0614,48,Male,Gold,634,4.9,1,Satisfied
C0615,32,Male,Bronze,884,3.8,1,Satisfied
C0616,54,Male,Gold,1145,3.6,7,Satisfied
C0617,25,Male,Bronze,1397,4.3,7,Satisfied
C0618,37,Male,Bronze,1336,1.0,9,Unsatisfied
C0619,24,Male,Bronze,480,3.7,5,Satisfied
C0620,44,Female,Silver,1997,2.8,4,Unsatisfied
C0621,21,Male,Gold,100,4.2,7,Satisfied
C0622,29,Male,Silver,539,2.8,3,Satisfied
C0623,49,Female,Bronze,670,3.3,3,Unsatisfied
C0624,24,Male,Silver,748,2.6,4,Satisfied
C0625,52,Male,Bronze,735,2.7,0,Satisfied
C0626,20,Female,Gold,881,4.0,0,Satisfied
C0627,37,Male,Silver,1696,3.3,1,Satisfied
C0628,51,Male,Bronze,201,3.3,7,Satisfied
C0629,30,Male,Silver,1996,2.5,6,Unsatisfied
C0630,40,Female,Silver,1585,2.9,9,Unsatisfied
C0631,45,Male,Bronze,1275,3.9,8,Unsatisfied
C0632,44,Male,Silver,147,4.2,4,Satisfied
C0633,41,Female,Bronze,354,3.6,1,Satisfied
C0634,46,Male,Silver,1213,4.7,6,Satisfied
C0635,32,Female,Gold,1018,4.2,7,Satisfied
C0636,52,Female,Gold,1745,3.0,6,Satisfied
C0637,53,Male,Silver,512,3.5,6,Satisfied
C0638,54,Female,Silver,212,4.7,4,Unsatisfied
C0639,20,Female,Bronze,582,3.3,1,Satisfied
C0640,40,Male,Silver,201,4.2,5,Satisfied
C0641,25,Female,Bronze,14,3.6,3,Unsatisfied
C0642,47,Female,Bronze,1923,3.0,9,Satisfied
C0643,36,Male,Bronze,1270,1.6,1,Unsatisfied
C0644,24,Male,Bronze,1726,2.4,8,Unsatisfied
C0645,50,Male,Silver,320,4.9,6,Unsatisfied
C0646,24,Female,Bronze,558,3.5,5,Satisfied
C0647,57,Male,Silver,65,3.0,4,Unsatisfied
C0648,22,Female,Bronze,452,4.7,2,Satisfied
C0649,42,Female,Bronze,1270,3.1,9,Unsatisfied
C0650,56,Female,Silver,879,2.9,9,Satisfied
C0651,56,Female,Bronze,1894,3.9,3,Satisfied
C0652,29,Female,Bronze,1230,3.7,2,Satisfied
C0653,29,Female,Silver,594,1.4,7,Satisfied
C0654,38,Female,Bronze,1604,2.6,2,Unsatisfied
C0655,36,Male,Gold,761,2.6,6,Unsatisfied
C0656,40,Male,Bronze,1547,2.2,6,Unsatisfied
C0657,33,Female,Bronze,1482,2.8,6,Satisfied
C0658,28,Female,Silver,369,2.4,6,Unsatisfied
C0659,20,Male,Bronze,1733,1.4,1,Satisfied
C0660,32,Female,Bronze,828,2.4,9,Unsatisfied
C0661,23,Male,Bronze,39,0.8,2,Unsatisfied
C0662,20,Male,Bronze,1812,3.1,9,Satisfied
C0663,59,Male,Gold,117,4.3,8,Unsatisfied
C0664,51,Female,Bronze,853,3.8,2,Satisfied
C0665,53,Female,Silver,1968,2.1,1,Satisfied
C0666,47,Male,Gold,1635,0.9,8,Satisfied
C0667,50,Male,Bronze,726,1.4,9,Satisfied
C0668,27,Male,Gold,900,3.0,8,Unsatisfied
C0669,58,Male,Bronze,1992,1.4,3,Satisfied
C0670,45,Male,Gold,969,2.9,8,Satisfied
C0671,53,Female,Bronze,1478,1.5,2,Satisfied
C0672,22,Male,Silver,902,4.3,6,Unsatisfied
C0673,31,Female,Bronze,1471,2.3,6,Unsatisfied
C0674,20,Male,Bronze,741,1.6,7,Unsatisfied
C0675,24,Female,Silver,1923,4.2,9,Unsatisfied
C0676,49,Female,Silver,615,2.0,3,Satisfied
C0677,49,Female,Bronze,466,1.0,2,Satisfied
C0678,36,Female,Bronze,624,3.1,2,Satisfied
C0679,42,Female,Silver,1768,3.1,4,Satisfied
C0680,34,Female,Silver,707,3.7,0,Unsatisfied
C0681,56,Male,Gold,1729,1.6,9,Satisfied
C0682,40,Female,Silver,1528,2.5,2,Unsatisfied
C0683,33,Male,Gold,683,1.8,5,Satisfied
C0684,21,Female,Silver,1280,0.9,2,Satisfied
C0685,30,Female,Bronze,552,4.4,4,Satisfied
C0686,58,Male,Bronze,1597,3.8,8,Unsatisfied
C0687,57,Female,Silver,866,1.9,1,Unsatisfied
C0688,53,Male,Silver,1621,3.2,1,Unsatisfied
C0689,57,Male,Bronze,906,1.4,5,Satisfied
C0690,53,Male,Bronze,1472,4.5,5,Unsatisfied
C0691,37,Male,Gold,287,1.0,7,Satisfied
C0692,49,Female,Silver,561,0.5,1,Satisfied
C0693,34,Female,Bronze,1646,2.8,8,Unsatisfied
C0694,46,Male,Bronze,120,3.1,1,Satisfied
C0695,53,Female,Bronze,394,3.1,0,Unsatisfied
C0696,57,Female,Bronze,1866,0.7,9,Satisfied
C0697,52,Male,Bronze,770,1.9,1,Satisfied
C0698,43,Female,Bronze,1224,2.7,6,Unsatisfied
C0699,34,Male,Silver,1523,1.5,7,Satisfied
C0700,49,Male,Bronze,703,4.4,4,Unsatisfied
C0701,36,Female,Gold,1459,0.9,5,Satisfied
C0702,24,Female,Gold,414,2.7,0,Unsatisfied
C0703,48,Female,Bronze,1368,3.6,5,Satisfied
C0704,23,Male,Silver,1242,1.7,7,Satisfied
C0705,29,Male,Bronze,31,3.3,2,Satisfied
C0706,36,Female,Gold,687,4.2,0,Satisfied
C0707,29,Female,Bronze,620,1.4,3,Unsatisfied
C0708,36,Female,Silver,1241,4.6,0,Satisfied
C0709,39,Female,Silver,17,3.0,7,Satisfied
C0710,43,Male,Bronze,711,1.8,4,Satisfied
C0711,24,Female,Bronze,1720,2.4,0,Satisfied
C0712,53,Male,Silver,1818,1.9,7,Unsatisfied
C0713,25,Male,Silver,538,3.8,8,Unsatisfied
C0714,21,Female,Bronze,611,4.1,9,Satisfied
C0715,32,Female,Silver,1686,4.2,1,Unsatisfied
C0716,30,Female,Bronze,666,4.9,8,Satisfied
C0717,42,Male,Silver,175,4.1,7,Satisfied
C0718,35,Female,Bronze,858,3.2,6,Unsatisfied
C0719,50,Female,Gold,505,2.0,2,Satisfied
C0720,30,Male,Bronze,599,3.0,1,Unsatisfied
C0721,35,Female,Bronze,438,0.7,6,Unsatisfied
C0722,27,Male,Bronze,783,3.9,4,Satisfied
C0723,23,Female,Bronze,172,2.5,5,Unsatisfied
C0724,59,Male,Silver,375,0.6,3,Unsatisfied
C0725,23,Female,Bronze,1559,0.8,1,Satisfied
C0726,44,Female,Gold,1272,2.2,8,Unsatisfied
C0727,22,Male,Bronze,81,3.1,2,Satisfied
C0728,51,Male,Bronze,1478,2.6,6,Unsatisfied
C0729,22,Female,Bronze,664,3.3,7,Unsatisfied
C0730,46,Male,Bronze,1855,2.7,1,Satisfied
C0731,48,Male,Bronze,1542,3.5,5,Satisfied
C0732,51,Male,Bronze,1828,1.5,7,Unsatisfied
C0733,38,Male,Bronze,278,1.0,6,Satisfied
C0734,40,Female,Bronze,1786,3.2,2,Satisfied
C0735,24,Female,Silver,424,2.7,0,Satisfied
C0736,37,Male,Silver,1278,0.6,5,Satisfied
C0737,47,Male,Bronze,1025,2.2,7,Satisfied
C0738,41,Male,Bronze,684,1.0,5,Satisfied
C0739,40,Male,Gold,1093,2.9,4,Satisfied
C0740,25,Female,Silver,15,2.3,7,Unsatisfied
C0741,20,Female,Silver,1742,3.3,1,Satisfied
C0742,24,Male,Bronze,991,4.1,0,Satisfied
C0743,31,Male,Silver,579,1.8,0,Satisfied
C0744,45,Male,Silver,1850,4.8,3,Satisfied
C0745,53,Female,Silver,416,2.9,5,Satisfied
C0746,33,Male,Gold,1250,3.3,8,Satisfied
C0747,45,Female,Bronze,1963,3.6,0,Satisfied
C0748,46,Male,Bronze,35,3.5,0,Unsatisfied
C0749,28,Female,Silver,1848,2.8,4,Unsatisfied
C0750,45,Male,Gold,1038,2.4,9,Unsatisfied
C0751,41,Female,Bronze,995,0.7,4,Unsatisfied
C0752,49,Male,Bronze,1565,0.6,4,Unsatisfied
C0753,36,Male,Bronze,399,2.1,9,Satisfied
C0754,45,Male,Bronze,719,2.0,5,Unsatisfied
C0755,55,Female,Silver,580,2.2,7,Satisfied
C0756,20,Male,Silver,1481,1.1,2,Unsatisfied
C0757,27,Female,Bronze,763,3.8,8,Unsatisfied
C0758,54,Female,Bronze,155,4.4,0,Satisfied
C0759,34,Male,Bronze,1421,4.7,3,Satisfied
C0760,41,Male,Bronze,794,2.7,8,Satisfied
C0761,33,Male,Silver,1282,3.7,7,Unsatisfied
C0762,45,Female,Gold,535,4.3,9,Unsatisfied
C0763,47,Male,Gold,1495,2.4,8,Unsatisfied
C0764,42,Female,Bronze,22,1.9,0,Satisfied
C0765,33,Female,Gold,912,4.7,8,Unsatisfied
C0766,43,Male,Silver,393,2.8,2,Satisfied
C0767,21,Male,Silver,565,2.7,9,Unsatisfied
C0768,45,Male,Bronze,896,1.3,8,Satisfied
C0769,33,Male,Bronze,1432,1.0,0,Satisfied
C0770,26,Male,Bronze,28,4.3,0,Satisfied
C0771,22,Male,Bronze,584,3.3,8,Unsatisfied
C0772,42,Female,Bronze,1524,2.0,5,Unsatisfied
C0773,37,Female,Bronze,760,1.4,3,Satisfied
C0774,57,Female,Bronze,1013,3.0,6,Satisfied
C0775,54,Male,Silver,428,3.1,4,Unsatisfied
C0776,34,Female,Bronze,1370,1.4,9,Satisfied
C0777,44,Female,Bronze,428,4.3,6,Unsatisfied
C0778,56,Female,Gold,1948,0.9,7,Satisfied
C0779,47,Female,Gold,1949,2.1,7,Satisfied
C0780,29,Female,Silver,1645,3.6,0,Unsatisfied
C0781,58,Male,Gold,1708,1.7,7,Unsatisfied
C0782,36,Male,Silver,1961,4.2,5,Satisfied
C0783,58,Female,Gold,131,3.8,3,Satisfied
C0784,41,Female,Bronze,441,4.1,7,Unsatisfied
C0785,45,Female,Bronze,53,1.0,2,Satisfied
C0786,44,Male,Bronze,1905,1.1,3,Unsatisfied
C0787,36,Male,Bronze,1953,1.8,5,Satisfied
C0788,32,Female,Bronze,1350,2.8,6,Satisfied
C0789,39,Male,Silver,390,3.9,3,Unsatisfied
C0790,44,Male,Silver,154,4.3,3,Unsatisfied
C0791,23,Female,Silver,1360,3.7,6,Satisfied
C0792,29,Male,Bronze,372,4.7,5,Unsatisfied
C0793,22,Male,Gold,1083,3.8,7,Satisfied
C0794,37,Female,Silver,1098,1.9,0,Satisfied
C0795,55,Male,Bronze,364,1.7,9,Unsatisfied
C0796,41,Male,Silver,809,3.6,6,Unsatisfied
C0797,53,Female,Bronze,1197,1.4,6,Unsatisfied
C0798,27,Male,Bronze,1174,0.9,6,Satisfied
C0799,59,Male,Gold,1999,2.9,6,Satisfied
C0800,38,Female,Bronze,835,4.2,9,Satisfied
C0801,56,Female,Bronze,1161,1.0,9,Satisfied
C0802,25,Female,Gold,407,4.1,7,Unsatisfied
C0803,45,Male,Silver,1966,4.2,8,Satisfied
C0804,53,Female,Bronze,889,2.7,8,Unsatisfied
C0805,25,Male,Bronze,472,0.8,1,Satisfied
C0806,56,Female,Bronze,1784,1.3,6,Satisfied
C0807,52,Male,Silver,1869,3.7,6,Satisfied
C0808,41,Female,Bronze,817,3.7,3,Satisfied
C0809,40,Female,Bronze,196,4.5,8,Satisfied
C0810,25,Female,Gold,1753,3.1,7,Unsatisfied
C0811,25,Female,Silver,741,1.1,0,Satisfied
C0812,23,Male,Bronze,1945,1.0,1,Unsatisfied
C0813,49,Female,Silver,1223,3.7,1,Satisfied
C0814,30,Female,Silver,1421,1.3,7,Unsatisfied
C0815,49,Male,Bronze,438,2.0,0,Satisfied
C0816,50,Female,Bronze,867,2.7,3,Unsatisfied
C0817,43,Male,Gold,1317,0.6,9,Satisfied
C0818,28,Female,Bronze,1897,1.6,4,Unsatisfied
C0819,22,Female,Silver,246,2.3,8,Unsatisfied
C0820,50,Female,Bronze,1227,1.8,6,Satisfied
C0821,59,Male,Bronze,1320,1.1,7,Satisfied
C0822,56,Female,Bronze,780,3.8,8,Satisfied
C0823,55,Female,Bronze,767,4.2,6,Unsatisfied
C0824,43,Female,Bronze,145,1.7,4,Satisfied
C0825,50,Male,Bronze,801,4.0,4,Satisfied
C0826,25,Male,Gold,1816,2.2,9,Satisfied
C0827,21,Female,Gold,180,2.8,5,Satisfied
C0828,39,Male,Silver,168,4.4,4,Unsatisfied
C0829,47,Female,Gold,210,3.9,8,Satisfied
C0830,30,Female,Bronze,1520,4.1,2,Unsatisfied
C0831,23,Female,Gold,1590,1.1,2,Unsatisfied
C0832,34,Female,Bronze,971,0.8,6,Satisfied
C0833,25,Female,Gold,1809,4.5,6,Unsatisfied
C0834,49,Female,Gold,592,2.2,5,Satisfied
C0835,57,Female,Silver,1537,1.8,2,Unsatisfied
C0836,21,Male,Gold,885,3.8,6,Satisfied
C0837,34,Male,Silver,380,4.3,4,Unsatisfied
C0838,30,Male,Bronze,112,4.4,6,Satisfied
C0839,27,Male,Bronze,1011,1.9,1,Satisfied
C0840,45,Male,Silver,1158,4.3,5,Satisfied
C0841,24,Male,Bronze,1346,0.7,7,Satisfied
C0842,25,Male,Silver,985,0.7,0,Unsatisfied
C0843,45,Female,Gold,807,3.3,3,Satisfied
C0844,23,Female,Bronze,1491,0.8,0,Unsatisfied
C0845,38,Female,Silver,1263,2.0,0,Satisfied
C0846,39,Female,Gold,667,3.5,9,Unsatisfied
C0847,52,Male,Gold,891,2.0,7,Satisfied
C0848,39,Male,Gold,1230,1.3,6,Satisfied
C0849,31,Female,Silver,1918,1.8,9,Satisfied
C0850,20,Female,Gold,742,2.6,0,Unsatisfied
C0851,45,Male,Silver,432,2.6,1,Satisfied
C0852,33,Female,Bronze,581,4.0,3,Unsatisfied
C0853,57,Female,Bronze,1643,3.9,0,Unsatisfied
C0854,56,Female,Silver,180,2.6,2,Satisfied
C0855,30,Female,Bronze,1415,4.3,7,Unsatisfied
C0856,55,Male,Silver,182,1.0,7,Satisfied
C0857,32,Female,Silver,672,1.6,7,Satisfied
C0858,22,Female,Bronze,462,4.2,5,Unsatisfied
C0859,52,Male,Silver,359,2.2,5,Unsatisfied
C0860,25,Male,Silver,1935,4.9,4,Unsatisfied
C0861,29,Female,Bronze,1985,2.6,8,Satisfied
C0862,24,Male,Bronze,1667,4.1,3,Satisfied
C0863,42,Female,Bronze,503,2.3,9,Satisfied
C0864,29,Female,Bronze,629,2.4,6,Unsatisfied
C0865,21,Male,Gold,1037,2.2,0,Satisfied
C0866,32,Female,Bronze,1126,3.7,8,Unsatisfied
C0867,59,Female,Silver,928,3.0,6,Satisfied
C0868,21,Female,Bronze,15,4.7,9,Satisfied
C0869,39,Female,Bronze,297,1.6,8,Satisfied
C0870,20,Male,Gold,1651,1.0,6,Satisfied
C0871,56,Male,Silver,1179,2.3,1,Satisfied
C0872,28,Female,Bronze,1816,3.3,5,Unsatisfied
C0873,36,Male,Bronze,1457,4.4,9,Unsatisfied
C0874,28,Female,Bronze,1923,2.1,3,Satisfied
C0875,30,Female,Bronze,617,3.4,2,Satisfied
C0876,34,Female,Silver,466,2.1,1,Satisfied
C0877,43,Female,Bronze,1774,3.3,5,Unsatisfied
C0878,57,Female,Bronze,1235,4.5,7,Satisfied
C0879,54,Male,Bronze,1245,1.5,5,Unsatisfied
C0880,49,Female,Gold,1039,2.3,8,Satisfied
C0881,50,Male,Gold,633,5.0,4,Satisfied
C0882,24,Male,Bronze,385,4.4,1,Unsatisfied
C0883,33,Female,Silver,1924,3.0,7,Satisfied
C0884,30,Female,Bronze,456,2.8,8,Satisfied
C0885,28,Female,Bronze,844,1.8,9,Satisfied
C0886,53,Female,Silver,1139,2.8,3,Satisfied
C0887,31,Female,Gold,1684,4.3,5,Satisfied
C0888,54,Male,Gold,820,3.6,9,Unsatisfied
C0889,54,Female,Silver,1434,1.8,7,Unsatisfied
C0890,20,Female,Bronze,1129,1.4,8,Satisfied
C0891,59,Male,Silver,1421,1.7,4,Unsatisfied
C0892,41,Male,Bronze,968,1.3,5,Satisfied
C0893,48,Female,Silver,1485,0.9,3,Satisfied
C0894,27,Male,Bronze,858,2.4,4,Satisfied
C0895,30,Female,Silver,818,1.0,6,Satisfied
C0896,56,Male,Bronze,988,1.3,8,Satisfied
C0897,33,Male,Bronze,1934,3.0,9,Unsatisfied
C0898,49,Female,Gold,425,1.2,5,Satisfied
C0899,54,Male,Bronze,735,0.8,5,Satisfied
C0900,40,Male,Silver,1537,1.9,7,Satisfied
C0901,56,Male,Bronze,463,1.5,3,Unsatisfied
C0902,24,Male,Bronze,1324,2.8,2,Unsatisfied
C0903,38,Male,Bronze,1567,1.0,6,Satisfied
C0904,33,Male,Bronze,1226,3.9,4,Satisfied
C0905,45,Female,Gold,159,4.6,1,Satisfied
C0906,23,Female,Bronze,1913,3.8,1,Satisfied
C0907,44,Male,Gold,768,2.9,5,Satisfied
C0908,44,Female,Silver,788,4.4,7,Satisfied
C0909,37,Female,Bronze,982,3.6,0,Satisfied
C0910,59,Female,Silver,772,0.5,5,Satisfied
C0911,27,Male,Silver,1011,2.3,1,Satisfied
C0912,58,Female,Silver,1548,4.3,1,Unsatisfied
C0913,59,Male,Bronze,1426,2.1,6,Unsatisfied
C0914,33,Female,Bronze,1349,0.7,9,Satisfied
C0915,51,Male,Gold,85,3.9,0,Satisfied
C0916,57,Male,Gold,608,4.1,5,Satisfied
C0917,52,Female,Gold,1303,1.2,6,Satisfied
C0918,42,Female,Bronze,234,2.9,7,Unsatisfied
C0919,34,Male,Silver,1563,1.4,6,Satisfied
C0920,52,Female,Bronze,122,3.7,5,Unsatisfied
C0921,44,Female,Bronze,260,1.7,8,Unsatisfied
C0922,36,Female,Bronze,1266,1.9,2,Satisfied
C0923,52,Male,Silver,850,4.3,5,Satisfied
C0924,21,Male,Bronze,1824,2.6,3,Satisfied
C0925,33,Female,Bronze,723,3.5,1,Satisfied
C0926,59,Female,Gold,1116,2.3,0,Satisfied
C0927,59,Female,Bronze,134,1.8,0,Satisfied
C0928,58,Male,Bronze,1208,3.3,9,Unsatisfied
C0929,25,Male,Bronze,1102,1.2,2,Satisfied
C0930,25,Female,Gold,1080,2.2,3,Satisfied
C0931,22,Female,Silver,893,1.4,1,Unsatisfied
C0932,26,Female,Bronze,1289,3.6,0,Unsatisfied
C0933,27,Female,Gold,1760,4.7,3,Satisfied
C0934,34,Female,Gold,39,5.0,6,Unsatisfied
C0935,48,Female,Bronze,290,2.5,9,Satisfied
C0936,52,Male,Silver,933,1.6,5,Satisfied
C0937,49,Female,Silver,1270,2.5,5,Satisfied
C0938,58,Male,Silver,1281,4.3,8,Satisfied
C0939,46,Female,Bronze,377,1.4,1,Unsatisfied
C0940,55,Female,Gold,504,4.8,3,Unsatisfied
C0941,48,Male,Silver,1058,2.0,4,Unsatisfied
C0942,57,Male,Bronze,1619,4.9,0,Satisfied
C0943,52,Male,Bronze,727,4.3,7,Satisfied
C0944,56,Male,Bronze,1523,4.1,7,Satisfied
C0945,46,Female,Bronze,1026,1.9,5,Satisfied
C0946,52,Male,Silver,1527,0.5,4,Unsatisfied
C0947,23,Female,Bronze,1347,2.2,7,Unsatisfied
C0948,41,Male,Bronze,615,1.9,2,Satisfied
C0949,21,Female,Silver,384,0.7,2,Satisfied
C0950,29,Female,Bronze,648,2.8,1,Satisfied
C0951,24,Female,Gold,1970,2.3,4,Satisfied
C0952,29,Female,Bronze,1058,3.4,2,Satisfied
C0953,52,Female,Bronze,1367,3.3,2,Satisfied
C0954,57,Female,Bronze,1388,1.0,5,Satisfied
C0955,32,Male,Bronze,125,4.9,7,Satisfied
C0956,50,Female,Bronze,57,1.3,1,Satisfied
C0957,55,Male,Silver,1771,2.5,3,Satisfied
C0958,43,Male,Gold,1811,2.7,6,Unsatisfied
C0959,34,Female,Bronze,108,4.2,0,Satisfied
C0960,48,Male,Silver,1492,0.9,0,Unsatisfied
C0961,27,Female,Silver,1556,2.4,9,Satisfied
C0962,24,Male,Gold,1630,3.3,6,Satisfied
C0963,48,Female,Bronze,414,1.5,6,Satisfied
C0964,23,Male,Bronze,1247,3.3,0,Satisfied
C0965,31,Female,Bronze,694,4.7,0,Unsatisfied
C0966,21,Female,Silver,912,5.0,3,Satisfied
C0967,46,Female,Gold,512,0.6,4,Unsatisfied
C0968,50,Female,Bronze,1754,1.6,4,Unsatisfied
C0969,55,Male,Bronze,1481,1.9,3,Satisfied
C0970,55,Female,Gold,903,2.3,7,Satisfied
C0971,45,Male,Gold,1609,1.6,6,Unsatisfied
C0972,46,Male,Gold,267,1.4,8,Satisfied
C0973,24,Male,Silver,853,4.8,6,Unsatisfied
C0974,39,Female,Bronze,130,4.6,9,Satisfied
C0975,30,Male,Silver,819,0.7,0,Satisfied
C0976,29,Male,Silver,987,2.0,6,Satisfied
C0977,59,Male,Bronze,63,2.3,0,Satisfied
C0978,57,Female,Silver,1028,1.6,6,Unsatisfied
C0979,25,Female,Silver,1364,3.3,9,Satisfied
C0980,27,Male,Bronze,793,3.4,7,Unsatisfied
C0981,42,Female,Silver,250,4.3,8,Satisfied
C0982,45,Female,Silver,1788,3.8,2,Satisfied
C0983,31,Male,Gold,1563,2.9,3,Satisfied
C0984,45,Male,Bronze,492,3.4,3,Satisfied
C0985,32,Female,Bronze,1022,1.7,8,Satisfied
C0986,59,Male,Silver,196,3.2,6,Satisfied
C0987,37,Female,Bronze,1891,2.7,2,Unsatisfied
C0988,44,Female,Silver,665,1.1,9,Satisfied
C0989,52,Female,Silver,271,1.6,4,Satisfied
C0990,59,Female,Bronze,962,1.8,6,Unsatisfied
C0991,31,Female,Silver,1397,4.7,7,Unsatisfied
C0992,55,Female,Silver,500,1.5,0,Satisfied
C0993,23,Male,Bronze,440,1.8,1,Satisfied
C0994,24,Male,Gold,248,2.2,6,Unsatisfied
C0995,56,Female,Gold,313,3.5,1,Satisfied
C0996,27,Female,Silver,307,1.0,6,Satisfied
C0997,47,Female,Silver,85,4.8,8,Satisfied
C0998,50,Male,Bronze,1733,4.4,1,Unsatisfied
C0999,28,Female,Gold,1366,3.1,6,Satisfied
C1000,48,Male,Silver,1933,3.5,3,Unsatisfied
C1001,33,Female,Silver,1008,0.6,1,Satisfied
C1002,59,Female,Gold,1791,2.0,6,Unsatisfied
C1003,41,Male,Bronze,651,4.1,4,Satisfied
C1004,30,Male,Gold,1507,0.8,0,Satisfied
C1005,42,Female,Bronze,836,1.8,4,Unsatisfied
C1006,20,Female,Bronze,1956,3.1,2,Satisfied
C1007,56,Female,Bronze,292,1.7,6,Satisfied
C1008,40,Male,Gold,600,4.7,5,Satisfied
C1009,45,Male,Gold,81,1.1,7,Satisfied
C1010,55,Male,Silver,1296,4.1,4,Satisfied
C1011,42,Male,Silver,712,2.8,1,Unsatisfied
C1012,20,Male,Silver,1912,3.9,8,Satisfied
C1013,59,Male,Gold,1920,1.9,7,Satisfied
C1014,34,Female,Bronze,1975,2.8,5,Satisfied
C1015,40,Female,Bronze,584,4.4,9,Unsatisfied
C1016,28,Male,Bronze,1009,2.6,6,Unsatisfied
C1017,28,Female,Silver,901,2.1,8,Satisfied
C1018,29,Female,Silver,21,2.9,6,Satisfied
C1019,45,Male,Bronze,150,3.7,2,Unsatisfied
C1020,54,Female,Bronze,1799,2.5,5,Satisfied
C1021,44,Male,Gold,1588,4.7,6,Unsatisfied
C1022,45,Male,Bronze,26,1.8,1,Unsatisfied
C1023,30,Female,Silver,1096,2.6,2,Unsatisfied
C1024,57,Male,Gold,262,3.9,3,Satisfied
C1025,21,Male,Bronze,474,3.6,9,Unsatisfied
C1026,26,Male,Bronze,385,4.4,5,Unsatisfied
C1027,37,Male,Silver,1837,5.0,0,Satisfied
C1028,46,Male,Gold,990,2.4,8,Satisfied
C1029,53,Male,Silver,529,1.0,4,Satisfied
C1030,46,Male,Gold,1870,0.6,6,Satisfied
C1031,36,Male,Bronze,99,3.8,8,Satisfied
C1032,43,Female,Silver,729,4.4,8,Satisfied
C1033,44,Female,Silver,813,1.5,0,Satisfied
C1034,26,Female,Gold,805,1.2,0,Satisfied
C1035,25,Male,Bronze,639,0.8,2,Satisfied
C1036,43,Male,Gold,1894,4.2,5,Unsatisfied
C1037,52,Female,Silver,1208,1.9,1,Unsatisfied
C1038,48,Female,Bronze,85,2.3,9,Satisfied
C1039,41,Female,Bronze,1646,2.8,0,Satisfied
C1040,45,Male,Gold,935,4.3,0,Satisfied
C1041,47,Female,Bronze,1696,3.4,4,Unsatisfied
C1042,40,Female,Bronze,409,3.3,3,Unsatisfied
C1043,26,Male,Bronze,1815,1.3,0,Unsatisfied
C1044,36,Female,Gold,979,2.8,3,Satisfied
C1045,39,Male,Silver,1104,3.7,2,Unsatisfied
C1046,39,Male,Silver,1213,4.9,1,Satisfied
C1047,41,Male,Bronze,1157,1.4,8,Unsatisfied
C1048,47,Female,Silver,1414,0.5,0,Satisfied
C1049,59,Female,Silver,1326,0.8,6,Unsatisfied
C1050,26,Male,Gold,806,2.2,3,Satisfied
C1051,20,Female,Gold,204,4.2,4,Unsatisfied
C1052,51,Female,Bronze,1944,0.5,9,Unsatisfied
C1053,32,Female,Silver,237,2.6,4,Satisfied
C1054,49,Female,Bronze,1464,2.0,0,Satisfied
C1055,42,Male,Silver,1975,0.7,5,Unsatisfied
C1056,38,Female,Bronze,1469,2.5,8,Satisfied
C1057,51,Male,Bronze,1820,1.6,1,Satisfied
C1058,49,Male,Bronze,470,2.1,6,Satisfied
C1059,48,Female,Silver,627,3.7,5,Satisfied
C1060,48,Male,Bronze,1054,2.8,4,Satisfied
C1061,49,Female,Silver,73,1.1,3,Satisfied
C1062,35,Female,Bronze,174,4.8,3,Satisfied
C1063,59,Male,Bronze,36,3.4,5,Satisfied
C1064,38,Male,Silver,1344,3.9,3,Unsatisfied
C1065,37,Male,Bronze,1021,0.9,4,Unsatisfied
C1066,20,Male,Bronze,294,0.7,5,Unsatisfied
C1067,33,Female,Silver,1693,0.6,4,Satisfied
C1068,21,Female,Bronze,290,1.3,6,Unsatisfied
C1069,47,Female,Bronze,847,2.4,8,Satisfied
C1070,49,Male,Bronze,840,4.7,9,Satisfied
C1071,57,Male,Gold,1197,2.6,6,Unsatisfied
C1072,23,Male,Silver,1931,1.8,6,Unsatisfied
C1073,20,Female,Silver,927,3.0,3,Unsatisfied
C1074,27,Male,Silver,233,1.0,0,Unsatisfied
C1075,48,Female,Bronze,793,3.2,7,Satisfied
C1076,58,Male,Bronze,1179,3.1,3,Satisfied
C1077,22,Female,Silver,974,4.1,0,Unsatisfied
C1078,51,Female,Bronze,959,4.9,4,Satisfied
C1079,29,Male,Bronze,1901,1.6,7,Satisfied
C1080,29,Male,Bronze,1063,2.8,3,Unsatisfied
C1081,38,Female,Bronze,54,4.6,7,Unsatisfied
C1082,53,Female,Gold,1820,4.0,7,Satisfied
C1083,52,Male,Bronze,480,2.7,2,Unsatisfied
C1084,42,Male,Silver,43,4.8,8,Unsatisfied
C1085,47,Female,Bronze,662,0.8,2,Unsatisfied
C1086,51,Male,Gold,1460,4.7,0,Satisfied
C1087,26,Female,Bronze,839,0.7,1,Satisfied
C1088,48,Female,Bronze,1919,3.0,5,Satisfied
C1089,27,Male,Silver,230,4.5,9,Satisfied
C1090,20,Male,Silver,1901,1.7,1,Satisfied
C1091,22,Male,Bronze,543,2.6,5,Satisfied
C1092,43,Male,Bronze,701,2.0,0,Satisfied
C1093,42,Male,Bronze,1981,4.8,0,Unsatisfied
C1094,27,Female,Bronze,1400,4.2,4,Satisfied
C1095,56,Female,Bronze,941,3.7,9,Unsatisfied
C1096,22,Male,Bronze,850,3.1,8,Unsatisfied
C1097,52,Male,Bronze,1776,4.2,7,Satisfied
C1098,47,Male,Bronze,1020,2.3,2,Unsatisfied
C1099,27,Female,Silver,1948,2.5,2,Satisfied
C1100,53,Male,Gold,1583,3.8,0,Satisfied
C1101,54,Male,Silver,591,2.1,2,Unsatisfied
C1102,51,Female,Bronze,1149,0.8,0,Satisfied
C1103,43,Female,Bronze,248,0.8,7,Unsatisfied
C1104,33,Male,Gold,1368,1.0,0,Satisfied
C1105,51,Male,Bronze,450,4.4,4,Unsatisfied
C1106,35,Male,Bronze,157,2.6,8,Satisfied
C1107,23,Female,Silver,1042,3.7,6,Unsatisfied
C1108,56,Male,Silver,1321,2.3,3,Satisfied
C1109,40,Male,Silver,397,1.7,8,Unsatisfied
C1110,33,Male,Bronze,1083,2.1,8,Unsatisfied
C1111,50,Female,Bronze,1883,4.1,1,Satisfied
C1112,37,Female,Gold,1550,3.3,9,Unsatisfied
C1113,26,Male,Bronze,925,4.7,9,Satisfied
C1114,29,Male,Silver,1888,3.6,5,Unsatisfied
C1115,26,Female,Silver,647,3.1,3,Satisfied
C1116,52,Female,Silver,1620,3.2,7,Unsatisfied
C1117,42,Female,Bronze,1710,4.7,6,Unsatisfied
C1118,40,Female,Bronze,287,4.0,6,Satisfied
C1119,38,Female,Silver,1987,0.6,9,Satisfied
C1120,38,Female,Gold,1869,2.9,8,Satisfied
C1121,55,Female,Gold,998,3.6,4,Unsatisfied
C1122,48,Female,Bronze,1333,3.9,5,Satisfied
C1123,37,Female,Bronze,1835,1.5,0,Satisfied
C1124,21,Male,Gold,598,4.4,5,Unsatisfied
C1125,20,Male,Silver,1843,4.8,1,Satisfied
C1126,24,Male,Gold,658,1.6,5,Unsatisfied
C1127,39,Female,Bronze,627,4.5,8,Satisfied
C1128,30,Male,Silver,1640,0.9,7,Satisfied
C1129,21,Female,Silver,144,0.8,8,Unsatisfied
C1130,22,Female,Silver,589,1.1,9,Satisfied
C1131,42,Male,Bronze,1180,0.8,7,Satisfied
C1132,31,Female,Bronze,499,4.3,2,Unsatisfied
C1133,39,Male,Silver,487,0.8,7,Satisfied
C1134,24,Male,Bronze,1192,1.7,5,Unsatisfied
C1135,56,Male,Bronze,393,1.0,5,Unsatisfied
C1136,57,Female,Gold,172,1.8,5,Satisfied
C1137,49,Male,Bronze,450,0.9,2,Satisfied
C1138,28,Female,Gold,1886,3.5,9,Unsatisfied
C1139,53,Male,Bronze,1222,1.1,0,Satisfied
C1140,54,Male,Silver,424,4.3,3,Satisfied
C1141,41,Male,Gold,1372,4.2,9,Unsatisfied
C1142,43,Female,Bronze,1640,0.6,5,Satisfied
C1143,36,Female,Bronze,1214,4.5,9,Unsatisfied
C1144,29,Female,Bronze,297,0.6,1,Satisfied
C1145,49,Male,Bronze,1867,1.6,6,Satisfied
C1146,42,Male,Silver,196,0.6,6,Satisfied
C1147,51,Female,Gold,1917,2.0,3,Unsatisfied
C1148,36,Female,Bronze,1171,2.8,3,Unsatisfied
C1149,36,Female,Bronze,139,4.1,0,Unsatisfied
C1150,33,Female,Bronze,203,2.0,1,Satisfied
C1151,28,Female,Silver,325,3.7,8,Satisfied
C1152,59,Female,Bronze,1818,1.3,9,Satisfied
C1153,21,Male,Silver,1897,3.9,7,Satisfied
C1154,44,Female,Silver,153,1.6,7,Satisfied
C1155,58,Male,Silver,25,1.1,8,Unsatisfied
C1156,28,Male,Bronze,1335,1.3,6,Satisfied
C1157,41,Female,Silver,432,1.3,8,Unsatisfied
C1158,23,Female,Bronze,254,2.8,9,Satisfied
C1159,45,Male,Bronze,936,4.3,1,Unsatisfied
C1160,48,Female,Gold,1140,0.9,5,Satisfied
C1161,53,Female,Silver,1121,3.7,2,Satisfied
C1162,42,Male,Bronze,138,3.4,5,Satisfied
C1163,56,Male,Bronze,916,4.4,2,Satisfied
C1164,30,Male,Bronze,896,1.6,7,Satisfied
C1165,25,Female,Bronze,350,2.5,3,Satisfied
C1166,37,Male,Bronze,13,4.7,9,Satisfied
C1167,40,Female,Bronze,1360,3.5,5,Unsatisfied
C1168,55,Male,Bronze,1443,2.2,8,Unsatisfied
C1169,57,Male,Silver,1912,1.1,1,Unsatisfied
C1170,53,Male,Silver,315,1.7,1,Satisfied
C1171,36,Female,Silver,917,3.1,6,Unsatisfied
C1172,56,Female,Bronze,616,3.7,1,Satisfied
C1173,44,Male,Gold,1754,1.1,1,Satisfied
C1174,57,Male,Gold,1258,3.2,3,Satisfied
C1175,31,Male,Gold,1381,3.0,8,Satisfied
C1176,42,Female,Gold,1001,2.8,7,Satisfied
C1177,41,Male,Gold,330,3.6,1,Satisfied
C1178,40,Female,Silver,568,4.3,7,Satisfied
C1179,46,Male,Bronze,1214,2.0,3,Unsatisfied
C1180,50,Male,Silver,627,4.5,1,Unsatisfied
C1181,25,Male,Silver,720,1.2,9,Unsatisfied
C1182,46,Male,Silver,1419,1.3,6,Unsatisfied
C1183,59,Male,Silver,1651,1.7,5,Satisfied
C1184,53,Male,Bronze,1825,1.0,9,Unsatisfied
C1185,31,Female,Bronze,1805,1.5,4,Unsatisfied
C1186,26,Male,Gold,1141,1.0,0,Satisfied
C1187,29,Female,Silver,540,4.2,1,Satisfied
C1188,36,Male,Silver,419,1.1,7,Unsatisfied
C1189,45,Male,Bronze,1329,3.9,0,Satisfied
C1190,40,Female,Bronze,827,0.7,2,Unsatisfied
C1191,47,Male,Gold,1204,4.8,1,Satisfied
C1192,21,Female,Silver,1364,3.7,4,Satisfied
C1193,20,Female,Silver,502,0.5,3,Satisfied
C1194,55,Male,Bronze,1228,3.9,6,Satisfied
C1195,45,Female,Silver,21,2.8,4,Unsatisfied
C1196,48,Female,Bronze,204,4.0,7,Unsatisfied
C1197,40,Male,Silver,499,2.9,3,Satisfied
C1198,30,Female,Bronze,804,3.4,5,Satisfied
C1199,59,Male,Bronze,890,4.0,3,Unsatisfied
C1200,30,Male,Silver,191,2.3,1,Unsatisfied
C1201,55,Male,Gold,971,0.5,0,Satisfied
C1202,58,Male,Bronze,1850,4.3,0,Satisfied
C1203,59,Female,Gold,665,2.2,7,Unsatisfied
C1204,54,Male,Bronze,1931,2.7,3,Unsatisfied
C1205,53,Male,Bronze,1349,0.5,4,Satisfied
C1206,43,Female,Bronze,703,2.7,7,Satisfied
C1207,41,Male,Bronze,39,4.9,6,Unsatisfied
C1208,24,Male,Silver,1629,1.8,7,Unsatisfied
C1209,52,Female,Bronze,1711,2.3,7,Satisfied
C1210,55,Female,Bronze,1829,3.6,5,Satisfied
C1211,39,Female,Gold,1826,4.2,9,Unsatisfied
C1212,38,Female,Bronze,1129,2.4,1,Satisfied
C1213,54,Female,Silver,1414,1.9,5,Satisfied
C1214,36,Female,Bronze,787,4.7,0,Satisfied
C1215,53,Female,Silver,453,3.5,0,Satisfied
C1216,28,Male,Bronze,307,1.0,2,Unsatisfied
C1217,45,Female,Bronze,817,0.8,2,Satisfied
C1218,21,Female,Bronze,1770,2.7,4,Unsatisfied
C1219,28,Female,Bronze,854,1.5,0,Satisfied
C1220,28,Male,Bronze,1025,1.6,9,Satisfied
C1221,59,Male,Silver,1394,4.4,5,Satisfied
C1222,36,Female,Gold,1407,0.9,6,Unsatisfied
C1223,20,Female,Gold,563,3.7,9,Unsatisfied
C1224,44,Female,Silver,312,1.7,2,Satisfied
C1225,59,Male,Bronze,430,3.9,3,Unsatisfied
C1226,44,Male,Bronze,1279,3.8,9,Unsatisfied
C1227,58,Female,Bronze,1753,0.5,9,Unsatisfied
C1228,54,Male,Bronze,1270,2.8,9,Satisfied
C1229,22,Female,Silver,1567,1.1,9,Unsatisfied
C1230,56,Male,Silver,194,4.4,9,Satisfied
C1231,49,Male,Bronze,477,4.4,2,Satisfied
C1232,57,Female,Bronze,763,2.4,0,Unsatisfied
C1233,53,Female,Gold,372,2.5,7,Satisfied
C1234,31,Female,Silver,1316,1.9,9,Satisfied
C1235,38,Female,Bronze,1586,3.7,9,Satisfied
C1236,56,Male,Gold,345,2.1,1,Unsatisfied
C1237,36,Male,Gold,171,1.7,0,Unsatisfied
C1238,29,Male,Bronze,1193,2.4,7,Satisfied
C1239,31,Female,Bronze,1507,0.9,6,Unsatisfied
C1240,35,Male,Silver,1634,3.9,6,Satisfied
C1241,43,Female,Gold,1355,0.6,3,Satisfied
C1242,38,Male,Gold,21,3.4,8,Unsatisfied
C1243,27,Female,Bronze,1457,1.3,5,Satisfied
C1244,50,Female,Bronze,1106,1.5,1,Satisfied
C1245,40,Male,Silver,597,3.4,0,Satisfied
C1246,36,Female,Silver,1891,5.0,0,Unsatisfied
C1247,42,Female,Bronze,210,4.0,8,Satisfied
C1248,56,Male,Gold,531,1.5,3,Unsatisfied
C1249,35,Female,Silver,1897,1.3,4,Unsatisfied
C1250,25,Female,Gold,514,4.4,2,Satisfied
C1251,27,Female,Gold,1771,2.5,3,Unsatisfied
C1252,44,Male,Silver,1721,1.1,7,Satisfied
C1253,37,Male,Bronze,797,4.4,3,Satisfied
C1254,44,Female,Silver,1072,4.2,8,Unsatisfied
C1255,31,Male,Bronze,69,4.9,8,Unsatisfied
C1256,34,Female,Silver,587,4.6,5,Satisfied
C1257,45,Female,Bronze,330,4.3,1,Satisfied
C1258,45,Female,Silver,1468,0.7,9,Satisfied
C1259,51,Female,Bronze,1669,1.0,6,Satisfied
C1260,29,Female,Bronze,1709,3.1,8,Satisfied
C1261,35,Male,Bronze,1441,2.9,5,Satisfied
C1262,26,Female,Bronze,932,2.6,2,Unsatisfied
C1263,36,Male,Silver,1419,2.3,6,Satisfied
C1264,42,Male,Silver,1704,2.4,4,Satisfied
C1265,45,Female,Silver,578,3.1,0,Unsatisfied
C1266,40,Female,Bronze,1111,0.5,2,Unsatisfied
C1267,41,Male,Bronze,1227,1.7,4,Satisfied
C1268,26,Male,Bronze,1318,2.8,6,Satisfied
C1269,33,Male,Bronze,536,3.7,2,Unsatisfied
C1270,34,Female,Gold,533,1.3,5,Satisfied
C1271,26,Male,Bronze,622,3.0,4,Satisfied
C1272,28,Female,Bronze,1189,3.7,0,Unsatisfied
C1273,27,Female,Bronze,1373,2.5,9,Satisfied
C1274,42,Female,Bronze,134,0.6,5,Satisfied
C1275,48,Male,Silver,880,2.5,7,Satisfied
C1276,37,Female,Silver,289,1.8,0,Satisfied
C1277,50,Female,Bronze,926,4.7,1,Satisfied
C1278,49,Female,Bronze,1939,1.1,3,Unsatisfied
C1279,58,Female,Bronze,631,3.4,1,Satisfied
C1280,54,Female,Bronze,855,0.7,8,Satisfied
C1281,37,Male,Bronze,1902,2.5,9,Satisfied
C1282,58,Female,Gold,1691,3.0,7,Unsatisfied
C1283,36,Female,Silver,1761,1.8,7,Satisfied
C1284,33,Male,Silver,1943,2.5,3,Satisfied
C1285,50,Female,Bronze,683,1.2,4,Unsatisfied
C1286,43,Male,Bronze,1161,1.9,3,Satisfied
C1287,54,Female,Silver,323,3.3,8,Satisfied
C1288,53,Male,Silver,341,1.9,1,Satisfied
C1289,22,Male,Silver,1183,4.5,7,Satisfied
C1290,56,Female,Bronze,1487,3.3,1,Satisfied
C1291,59,Female,Silver,45,2.5,0,Unsatisfied
C1292,45,Female,Bronze,1718,0.7,9,Satisfied
C1293,42,Male,Gold,1453,2.7,2,Satisfied
C1294,58,Male,Silver,1055,3.9,8,Satisfied
C1295,34,Male,Silver,215,1.7,2,Satisfied
C1296,23,Female,Bronze,648,4.1,8,Satisfied
C1297,48,Male,Silver,857,1.6,6,Unsatisfied
C1298,41,Male,Bronze,1990,4.2,9,Satisfied
C1299,44,Female,Bronze,1389,0.9,0,Unsatisfied
C1300,32,Male,Bronze,449,4.4,9,Satisfied
C1301,37,Male,Silver,738,2.7,4,Satisfied
C1302,52,Female,Bronze,1129,1.8,8,Satisfied
C1303,35,Male,Bronze,1962,1.7,2,Satisfied
C1304,21,Female,Gold,950,2.4,8,Satisfied
C1305,54,Female,Bronze,173,5.0,4,Satisfied
C1306,53,Female,Silver,157,1.5,8,Unsatisfied
C1307,49,Female,Bronze,1563,1.0,9,Satisfied
C1308,32,Female,Bronze,303,3.1,5,Satisfied
C1309,32,Male,Silver,204,2.7,8,Satisfied
C1310,37,Male,Bronze,672,2.9,6,Satisfied
C1311,51,Female,Bronze,489,3.5,6,Satisfied
C1312,51,Female,Silver,1910,1.7,7,Satisfied
C1313,54,Male,Silver,132,4.6,6,Satisfied
C1314,58,Female,Silver,1433,2.5,8,Unsatisfied
C1315,48,Female,Bronze,708,1.1,8,Unsatisfied
C1316,48,Female,Bronze,974,3.8,5,Satisfied
C1317,35,Male,Silver,1485,3.4,6,Satisfied
C1318,29,Male,Silver,670,1.9,1,Unsatisfied
C1319,49,Female,Gold,1137,3.3,8,Satisfied
C1320,44,Female,Gold,1788,1.5,0,Satisfied
C1321,58,Male,Gold,1495,2.5,0,Satisfied
C1322,39,Male,Bronze,1776,4.5,2,Satisfied
C1323,24,Female,Bronze,1751,1.1,5,Satisfied
C1324,20,Female,Silver,719,2.2,4,Satisfied
C1325,49,Male,Bronze,405,4.2,1,Satisfied
C1326,22,Male,Bronze,921,4.9,8,Satisfied
C1327,33,Male,Gold,1370,2.5,9,Unsatisfied
C1328,49,Female,Gold,1014,2.8,3,Satisfied
C1329,23,Male,Bronze,1632,3.1,3,Satisfied
C1330,37,Female,Bronze,1175,4.7,4,Satisfied
C1331,56,Male,Bronze,326,4.4,7,Unsatisfied
C1332,44,Male,Gold,1744,1.3,9,Unsatisfied
C1333,20,Male,Gold,1591,2.5,3,Unsatisfied
C1334,34,Male,Bronze,1833,2.6,4,Satisfied
C1335,28,Female,Bronze,1560,4.1,3,Unsatisfied
C1336,34,Female,Gold,1589,3.2,5,Unsatisfied
C1337,43,Male,Bronze,1434,3.4,2,Satisfied
C1338,23,Female,Silver,690,5.0,7,Satisfied
C1339,31,Male,Gold,1343,0.8,5,Satisfied
C1340,56,Male,Bronze,504,1.5,9,Unsatisfied
C1341,56,Male,Silver,565,2.3,4,Satisfied
C1342,25,Male,Bronze,619,2.1,1,Satisfied
C1343,58,Female,Bronze,1806,0.6,9,Unsatisfied
C1344,43,Male,Gold,118,0.9,9,Unsatisfied
C1345,30,Male,Bronze,1828,3.6,6,Unsatisfied
C1346,32,Female,Gold,381,4.5,1,Unsatisfied
C1347,53,Male,Silver,864,2.8,0,Satisfied
C1348,44,Male,Bronze,625,2.9,6,Unsatisfied
C1349,26,Male,Bronze,777,1.6,4,Satisfied
C1350,23,Female,Bronze,1924,4.0,0,Unsatisfied
C1351,27,Male,Bronze,215,3.9,3,Satisfied
C1352,39,Female,Bronze,856,3.1,3,Unsatisfied
C1353,48,Male,Bronze,52,1.5,9,Unsatisfied
C1354,29,Male,Bronze,874,0.9,6,Unsatisfied
C1355,53,Female,Silver,1278,0.8,8,Satisfied
C1356,45,Male,Silver,1320,3.2,1,Satisfied
C1357,22,Male,Silver,1388,4.2,0,Unsatisfied
C1358,25,Female,Bronze,794,4.4,1,Satisfied
C1359,24,Female,Bronze,485,2.6,6,Unsatisfied
C1360,24,Female,Silver,92,4.0,9,Satisfied
C1361,42,Female,Bronze,1143,4.8,5,Unsatisfied
C1362,28,Female,Bronze,1983,1.7,3,Satisfied
C1363,54,Male,Gold,199,2.3,0,Unsatisfied
C1364,39,Female,Silver,809,4.7,0,Unsatisfied
C1365,54,Male,Silver,945,2.0,4,Satisfied
C1366,37,Male,Bronze,1942,4.6,0,Satisfied
C1367,36,Male,Silver,260,4.9,6,Satisfied
C1368,43,Female,Silver,1757,3.5,0,Satisfied
C1369,22,Female,Silver,300,4.2,0,Satisfied
C1370,51,Male,Silver,1678,3.9,1,Unsatisfied
C1371,54,Female,Gold,1234,3.6,9,Satisfied
C1372,57,Female,Silver,1830,1.9,2,Satisfied
C1373,32,Female,Bronze,335,0.8,0,Satisfied
C1374,44,Female,Silver,1544,2.0,8,Satisfied
C1375,28,Male,Silver,1442,3.5,9,Satisfied
C1376,23,Male,Silver,1640,1.0,7,Unsatisfied
C1377,33,Female,Bronze,1823,0.6,4,Unsatisfied
C1378,56,Male,Bronze,1995,1.1,1,Satisfied
C1379,53,Female,Gold,1974,3.7,4,Satisfied
C1380,30,Female,Silver,846,4.9,5,Unsatisfied
C1381,22,Male,Gold,517,4.9,0,Satisfied
C1382,47,Male,Silver,740,2.7,3,Satisfied
C1383,48,Male,Silver,1634,4.4,8,Satisfied
C1384,28,Female,Silver,81,3.8,1,Satisfied
C1385,22,Male,Gold,1280,2.8,4,Unsatisfied
C1386,44,Female,Silver,650,3.1,0,Unsatisfied
C1387,53,Male,Silver,1757,1.1,3,Satisfied
C1388,31,Male,Bronze,949,4.7,3,Satisfied
C1389,28,Female,Bronze,1888,2.1,5,Unsatisfied
C1390,34,Female,Silver,617,2.5,9,Unsatisfied
C1391,59,Female,Bronze,1620,3.5,8,Unsatisfied
C1392,44,Female,Bronze,1968,2.0,2,Unsatisfied
C1393,24,Female,Bronze,575,1.6,8,Satisfied
C1394,30,Female,Bronze,1377,3.3,5,Unsatisfied
C1395,53,Female,Bronze,1958,0.6,6,Unsatisfied
C1396,43,Female,Bronze,63,3.7,9,Satisfied
C1397,34,Male,Gold,1763,2.8,1,Unsatisfied
C1398,57,Female,Silver,537,3.2,9,Satisfied
C1399,27,Female,Bronze,620,3.3,5,Satisfied
C1400,24,Male,Bronze,1565,2.9,5,Satisfied
C1401,45,Female,Silver,1591,3.1,1,Satisfied
C1402,37,Male,Bronze,1996,3.6,1,Satisfied
C1403,25,Male,Gold,202,3.9,1,Satisfied
C1404,56,Female,Silver,1928,3.8,9,Satisfied
C1405,32,Male,Silver,67,4.4,0,Satisfied
C1406,47,Female,Bronze,1470,1.4,4,Satisfied
C1407,24,Male,Silver,1144,2.3,7,Satisfied
C1408,32,Male,Bronze,138,4.8,1,Unsatisfied
C1409,36,Male,Gold,1882,2.3,4,Satisfied
C1410,59,Female,Silver,715,1.1,7,Satisfied
C1411,51,Female,Bronze,1958,2.9,9,Unsatisfied
C1412,48,Male,Bronze,861,1.0,4,Unsatisfied
C1413,22,Male,Bronze,1359,1.4,1,Unsatisfied
C1414,59,Female,Silver,17,5.0,2,Satisfied
C1415,53,Female,Bronze,38,2.9,5,Satisfied
C1416,59,Male,Silver,1145,1.8,4,Unsatisfied
C1417,46,Male,Bronze,956,5.0,3,Satisfied
C1418,32,Female,Silver,1706,4.8,3,Satisfied
C1419,52,Female,Gold,140,2.5,4,Satisfied
C1420,25,Female,Silver,197,1.7,1,Unsatisfied
C1421,43,Female,Silver,1708,4.3,8,Satisfied
C1422,38,Female,Bronze,718,3.7,1,Unsatisfied
C1423,35,Male,Bronze,1508,3.6,9,Unsatisfied
C1424,59,Female,Silver,1397,4.5,1,Satisfied
C1425,47,Male,Bronze,1237,3.6,9,Unsatisfied
C1426,52,Female,Bronze,221,1.8,8,Unsatisfied
C1427,32,Male,Bronze,1654,3.6,2,Unsatisfied
C1428,44,Female,Bronze,285,1.9,9,Satisfied
C1429,55,Female,Bronze,1106,3.9,6,Unsatisfied
C1430,46,Male,Gold,1712,3.3,3,Satisfied
C1431,57,Male,Bronze,1805,0.8,5,Unsatisfied
C1432,26,Female,Silver,252,2.8,3,Satisfied
C1433,24,Female,Bronze,1820,2.0,9,Satisfied
C1434,50,Female,Silver,1135,2.0,6,Unsatisfied
C1435,42,Female,Bronze,996,3.2,0,Unsatisfied
C1436,29,Female,Gold,694,2.0,2,Satisfied
C1437,51,Male,Gold,180,4.0,2,Satisfied
C1438,49,Male,Bronze,662,0.8,0,Satisfied
C1439,58,Female,Gold,1942,3.5,5,Unsatisfied
C1440,50,Male,Gold,197,4.1,8,Unsatisfied
C1441,37,Male,Gold,1474,3.5,7,Unsatisfied
C1442,55,Male,Gold,1119,2.7,6,Satisfied
C1443,21,Female,Bronze,1509,4.8,9,Satisfied
C1444,33,Male,Silver,61,1.8,7,Unsatisfied
C1445,32,Female,Bronze,120,0.6,5,Unsatisfied
C1446,48,Male,Bronze,1982,2.4,8,Satisfied
C1447,31,Female,Gold,886,0.6,2,Unsatisfied
C1448,58,Male,Bronze,1887,4.8,9,Satisfied
C1449,21,Female,Silver,1076,1.4,9,Satisfied
C1450,51,Female,Gold,220,4.1,8,Satisfied
C1451,32,Male,Gold,1233,4.0,3,Satisfied
C1452,46,Female,Gold,1843,1.5,6,Satisfied
C1453,36,Female,Bronze,867,3.3,8,Satisfied
C1454,59,Female,Bronze,1785,0.7,1,Satisfied
C1455,50,Female,Bronze,636,2.7,1,Unsatisfied
C1456,53,Female,Bronze,1059,0.6,8,Satisfied
C1457,43,Female,Bronze,1952,4.6,2,Satisfied
C1458,54,Female,Bronze,308,4.9,8,Satisfied
C1459,25,Female,Silver,1110,1.5,4,Satisfied
C1460,38,Male,Silver,933,1.4,5,Unsatisfied
C1461,49,Male,Bronze,146,3.9,1,Satisfied
C1462,26,Female,Silver,1053,1.6,7,Unsatisfied
C1463,29,Female,Bronze,449,4.5,8,Unsatisfied
C1464,51,Male,Bronze,220,3.1,1,Satisfied
C1465,53,Male,Silver,761,2.1,5,Satisfied
C1466,47,Male,Silver,1584,4.2,5,Satisfied
C1467,34,Female,Silver,444,2.7,7,Satisfied
C1468,49,Male,Bronze,789,4.6,9,Unsatisfied
C1469,56,Female,Gold,1240,4.7,4,Satisfied
C1470,48,Female,Silver,448,1.2,8,Satisfied
C1471,41,Male,Silver,1812,0.5,0,Satisfied
C1472,23,Female,Silver,675,4.9,8,Satisfied
C1473,39,Female,Gold,1075,4.6,9,Satisfied
C1474,51,Female,Silver,420,0.7,6,Satisfied
C1475,55,Female,Silver,1556,4.2,3,Satisfied
C1476,23,Male,Gold,815,2.6,2,Satisfied
C1477,46,Male,Silver,619,1.7,9,Unsatisfied
C1478,36,Female,Bronze,436,4.5,5,Unsatisfied
C1479,31,Female,Silver,1308,1.4,0,Satisfied
C1480,41,Male,Bronze,1481,4.8,2,Satisfied
C1481,36,Female,Bronze,911,1.4,1,Unsatisfied
C1482,29,Male,Silver,951,3.3,8,Satisfied
C1483,20,Female,Gold,1917,1.5,2,Satisfied
C1484,41,Female,Gold,751,3.0,1,Satisfied
C1485,45,Male,Bronze,1402,3.6,3,Unsatisfied
C1486,37,Male,Silver,1971,1.4,1,Satisfied
C1487,33,Male,Bronze,1253,2.8,0,Unsatisfied
C1488,48,Male,Gold,1610,2.6,5,Unsatisfied
C1489,31,Female,Gold,1900,0.8,9,Unsatisfied
C1490,55,Male,Silver,1265,4.2,7,Unsatisfied
C1491,54,Female,Gold,337,2.0,9,Satisfied
C1492,31,Male,Silver,1476,3.1,9,Satisfied
C1493,26,Male,Silver,61,2.8,1,Unsatisfied
C1494,48,Female,Bronze,1919,2.8,8,Unsatisfied
C1495,30,Male,Bronze,1976,1.0,2,Satisfied
C1496,52,Male,Silver,385,2.4,7,Unsatisfied
C1497,25,Male,Silver,272,2.5,7,Satisfied
C1498,34,Male,Bronze,276,3.8,2,Satisfied
C1499,51,Female,Gold,368,4.3,2,Satisfied
C1500,30,Female,Bronze,1350,3.0,5,Satisfied
